"applicant_uid","monthly_stable_income","credit_history_score","debt_to_income_ratio","employment_stability_years","existing_loan_count","collateral_valuation_amount","requested_loan_tenure","payment_default_history","verified_identity_flag","residential_status_stability","bank_statement_analysis_score","gender","age_group","region","is_eligible_for_loan"
"L0883","4050","661","0.62","0","4","221","120","1","1","0","63","female","25-34","Central","0"
"L0585","5712","726","0.08","3","0","87024","60","0","1","1","96","female","55-64","Central","1"
"L0937","4843","615","0.44","4","5","30026","60","0","1","1","42","male","25-34","West","0"
"L0073","5676","815","0.32","4","0","46118","24","0","1","1","75","female","18-24","North","1"
"L0692","3134","606","0.54","3","3","9858","60","1","1","0","60","male","55-64","South","0"
"L0603","5220","563","0.65","0","2","29332","60","0","1","0","64","male","45-54","North","0"
"L0953","5070","548","0.7","0","7","29196","48","0","1","0","53","non_binary","35-44","South","0"
"L0107","10753","733","0.29","8","2","22062","48","0","1","0","88","male","55-64","Central","1"
"L0513","11791","698","0.18","3","0","116725","24","0","1","1","77","non_binary","25-34","West","1"
"L0935","2109","585","0.74","0","5","29282","120","0","1","1","38","male","45-54","North","0"
"L0941","4039","642","0.83","1","7","40699","120","0","1","0","34","female","35-44","North","0"
"L0993","5432","653","0.76","3","3","8493","120","1","1","0","45","non_binary","65+","Central","0"
"L0343","13172","831","0.33","14","1","118732","36","0","1","1","71","non_binary","25-34","Central","1"
"L0052","8369","701","0.35","10","1","24772","60","0","1","1","82","non_binary","25-34","West","1"
"L0534","7054","728","0.26","11","1","53159","60","1","1","1","78","non_binary","55-64","North","1"
"L0831","3220","493","0.55","0","7","10752","120","1","1","0","61","male","18-24","West","0"
"L0335","9349","774","0.12","14","0","113941","12","0","1","1","86","female","55-64","Central","1"
"L0848","4302","589","0.83","4","2","727","84","0","1","1","65","male","18-24","East","0"
"L0470","13874","809","0.28","14","0","76574","60","0","1","0","74","female","18-24","Central","1"
"L0433","6017","824","0.15","4","0","56014","36","0","1","1","71","non_binary","45-54","Central","1"
"L0386","12699","815","0.22","13","2","105244","48","0","1","1","95","male","55-64","East","1"
"L0430","14065","700","0.18","12","2","79392","24","1","1","1","86","non_binary","45-54","West","1"
"L0586","5779","761","0.23","3","1","49927","36","0","1","1","75","male","45-54","South","1"
"L0320","8071","717","0.24","13","0","88834","36","0","1","1","82","non_binary","35-44","North","1"
"L0382","8193","716","0.08","4","2","40718","36","0","1","1","71","female","45-54","West","1"
"L0332","11176","776","0.22","15","2","113499","12","0","1","1","89","non_binary","65+","East","1"
"L0858","7423","470","0.46","0","5","7971","120","1","1","0","29","male","45-54","Central","0"
"L0484","6829","834","0.27","9","1","108890","60","0","1","1","75","non_binary","65+","East","1"
"L0779","5653","503","0.6","4","6","29073","48","1","0","0","37","female","45-54","South","0"
"L0100","6518","769","0.28","5","2","75701","36","0","1","1","93","male","55-64","North","1"
"L0488","14637","812","0.08","12","1","110573","36","0","1","1","88","male","18-24","Central","1"
"L0535","10561","772","0.19","12","0","70523","48","0","1","1","90","female","25-34","West","1"
"L0690","7546","487","0.64","2","5","29141","120","1","1","0","29","female","65+","West","0"
"L0706","6965","589","0.44","1","2","5735","36","1","1","1","40","non_binary","55-64","North","0"
"L0213","8097","835","0.32","8","0","111957","12","0","1","1","79","female","35-44","South","1"
"L0080","9338","817","0.24","14","1","43078","24","0","1","1","96","male","35-44","West","1"
"L0807","5375","520","0.6","4","3","29897","60","1","1","1","41","male","65+","East","0"
"L0997","1855","467","0.71","1","3","18984","120","0","1","0","35","non_binary","35-44","East","0"
"L0029","6377","798","0.32","12","2","48364","24","0","1","1","96","non_binary","35-44","West","1"
"L0038","12337","803","0.2","11","0","100099","60","0","1","1","79","non_binary","65+","South","1"
"L0774","2185","502","0.53","1","6","8086","36","1","1","1","55","male","65+","North","0"
"L0767","3499","577","0.5","2","7","23516","84","1","1","0","55","female","35-44","North","0"
"L0033","14753","824","0.25","8","0","46388","60","0","1","1","75","male","45-54","South","1"
"L0854","2427","602","0.58","1","6","28087","48","1","1","0","32","male","25-34","North","0"
"L0249","10726","693","0.18","14","1","47738","36","0","1","1","74","male","35-44","East","1"
"L0177","7441","713","0.21","15","2","106553","24","0","1","0","75","female","35-44","South","1"
"L0622","6313","506","0.77","3","6","5230","120","0","0","0","47","female","55-64","South","0"
"L0595","14309","775","0.32","3","0","53731","24","0","1","1","74","female","65+","North","1"
"L0528","9689","766","0.2","12","2","37990","60","1","1","1","71","male","18-24","Central","1"
"L0802","2605","556","0.77","2","6","7238","60","1","0","1","62","female","45-54","South","0"
"L0539","10020","792","0.11","7","0","112964","48","0","1","1","80","male","65+","South","1"
"L0917","1943","642","0.79","1","6","582","120","1","1","0","45","non_binary","35-44","North","0"
"L0821","2193","516","0.43","0","5","32088","120","1","0","0","38","male","18-24","North","0"
"L0571","5539","799","0.31","5","1","117690","36","0","1","1","92","non_binary","25-34","Central","1"
"L0613","4825","521","0.51","2","4","41314","60","0","0","1","59","female","35-44","South","0"
"L0862","2490","555","0.82","3","3","2105","120","0","1","1","59","female","35-44","Central","0"
"L0985","3050","673","0.79","2","6","31193","36","1","1","0","64","female","18-24","Central","0"
"L0666","4269","671","0.84","1","5","8217","60","0","1","0","40","female","65+","West","0"
"L0861","5744","456","0.68","1","4","15714","48","1","1","0","47","non_binary","35-44","South","0"
"L0092","7815","705","0.24","9","2","24344","36","0","1","1","90","female","25-34","South","1"
"L0650","6477","528","0.86","4","7","37117","120","0","1","1","32","non_binary","45-54","South","0"
"L0259","5822","723","0.12","14","1","53757","12","0","1","1","93","female","25-34","South","1"
"L0738","4285","439","0.6","3","5","7279","84","1","1","0","34","non_binary","25-34","North","0"
"L0895","4910","603","0.6","1","3","15314","36","0","1","0","59","female","18-24","West","0"
"L0184","14625","828","0.12","8","0","101970","12","0","1","1","79","non_binary","35-44","South","1"
"L0684","2089","627","0.82","1","7","40804","84","1","1","1","50","female","25-34","North","0"
"L0159","15271","834","0.19","11","0","109411","60","0","1","1","83","non_binary","25-34","East","1"
"L0929","6748","481","0.7","4","2","14821","60","1","1","0","67","non_binary","65+","South","0"
"L0141","9689","773","0.18","11","0","23514","48","0","1","1","75","male","55-64","North","1"
"L0716","6589","460","0.61","4","3","37465","36","0","1","0","31","non_binary","55-64","North","0"
"L0981","6135","436","0.53","3","5","10550","36","1","1","1","50","male","45-54","South","0"
"L0672","3343","573","0.6","3","3","21983","120","1","1","0","66","male","35-44","North","0"
"L0694","5216","672","0.77","1","4","39398","36","0","1","0","42","male","18-24","West","0"
"L0121","7042","723","0.22","5","2","42968","60","0","1","1","72","female","65+","East","1"
"L0175","10221","824","0.18","8","1","46161","60","0","1","1","81","male","55-64","West","1"
"L0086","10263","779","0.17","4","0","98241","36","0","1","1","93","female","65+","North","1"
"L0536","5710","797","0.34","14","2","51252","24","0","1","1","75","male","25-34","East","1"
"L0381","7410","725","0.19","7","1","61964","24","0","1","1","72","non_binary","55-64","North","1"
"L0367","9595","781","0.09","11","0","52665","24","0","1","1","80","female","65+","East","1"
"L0749","3366","468","0.81","3","7","38535","120","0","1","0","31","non_binary","45-54","West","0"
"L0049","13998","804","0.16","5","0","101566","60","0","1","1","84","non_binary","18-24","East","1"
"L0944","1973","465","0.86","3","6","15952","60","1","1","0","56","female","45-54","West","0"
"L0816","5991","549","0.67","4","4","13907","120","0","1","0","48","non_binary","35-44","West","0"
"L0101","14518","791","0.19","10","2","83680","24","0","1","1","90","male","35-44","East","1"
"L0231","6457","705","0.24","9","1","38343","36","0","1","1","90","non_binary","18-24","Central","1"
"L0447","7958","771","0.22","10","0","67566","48","0","1","1","76","non_binary","55-64","East","1"
"L0668","3670","500","0.43","3","5","30351","36","0","1","1","32","male","45-54","East","0"
"L0450","13599","735","0.32","9","1","82444","48","0","1","1","77","female","35-44","West","1"
"L0021","13481","724","0.13","10","0","68129","48","0","1","1","88","male","65+","East","1"
"L0064","13715","729","0.32","3","1","65545","12","0","1","1","75","female","25-34","North","1"
"L0328","8053","774","0.3","15","1","41138","24","0","1","1","90","non_binary","65+","Central","1"
"L0702","5178","639","0.53","0","4","32006","36","1","1","0","32","male","25-34","North","0"
"L0031","5969","833","0.32","8","0","34520","60","0","1","1","96","male","55-64","Central","1"
"L0456","13253","763","0.3","12","0","115275","36","0","1","1","84","male","18-24","West","1"
"L0729","7522","577","0.81","1","2","12624","36","1","0","0","57","male","18-24","East","0"
"L0421","10731","695","0.33","15","0","27702","24","0","1","1","72","female","18-24","West","1"
"L0495","7069","760","0.22","8","2","93614","48","0","1","1","90","non_binary","55-64","West","1"
"L0205","10097","699","0.23","9","1","83695","48","0","1","1","87","non_binary","45-54","North","1"
"L0704","2707","510","0.84","4","4","19366","84","1","1","0","29","non_binary","65+","West","0"
"L0798","3106","481","0.63","1","7","29617","120","1","1","0","66","female","25-34","East","0"
"L0939","5150","645","0.75","1","5","5940","84","1","1","1","28","non_binary","18-24","Central","0"
"L0266","9410","753","0.26","4","0","36204","12","1","1","1","81","non_binary","65+","West","1"
"L0651","5938","488","0.83","4","6","28900","48","1","1","1","38","female","65+","South","0"
"L0118","14784","750","0.32","14","0","55006","12","0","1","1","84","female","25-34","East","1"
"L0783","2650","605","0.85","0","5","21857","48","1","1","0","54","non_binary","65+","West","0"
"L0191","15089","765","0.3","11","1","65454","24","0","1","1","94","male","35-44","Central","1"
"L0563","8587","710","0.33","3","1","80641","60","0","1","1","89","male","35-44","South","1"
"L0471","11174","733","0.14","15","2","45740","60","0","1","1","84","male","25-34","West","1"
"L0554","6021","743","0.19","14","2","54657","60","1","1","1","84","male","18-24","West","1"
"L0541","14054","830","0.25","13","0","87800","60","0","1","1","85","female","55-64","North","1"
"L0429","12866","756","0.09","9","0","106666","60","0","1","1","70","non_binary","65+","Central","1"
"L0718","3000","641","0.7","2","3","1471","36","1","1","1","51","female","18-24","West","0"
"L0840","6516","545","0.81","4","5","39218","84","1","1","1","36","male","18-24","North","0"
"L0741","7425","451","0.62","0","6","19031","120","1","0","0","55","male","35-44","North","0"
"L0123","13981","802","0.08","11","2","23041","36","0","1","1","93","non_binary","25-34","South","1"
"L0768","7332","435","0.79","4","6","4862","120","1","1","1","28","female","35-44","South","0"
"L0628","2174","463","0.69","3","7","37859","36","1","0","1","65","female","65+","East","0"
"L0905","3587","517","0.72","0","2","23066","120","0","1","1","45","female","55-64","North","0"
"L0808","7385","477","0.86","1","7","16268","36","1","1","1","30","female","25-34","Central","0"
"L0197","6456","692","0.24","3","0","86825","24","0","1","1","76","non_binary","65+","East","1"
"L0629","2588","663","0.66","3","6","27348","60","0","1","1","61","female","65+","North","0"
"L0517","7532","811","0.22","8","2","64506","12","0","1","1","92","male","35-44","North","1"
"L0356","6351","716","0.32","8","0","111353","24","0","1","1","84","male","35-44","West","1"
"L0584","15147","819","0.28","15","0","76882","60","0","1","1","73","female","18-24","East","1"
"L0220","11058","722","0.3","6","2","81396","36","0","1","0","78","female","45-54","East","1"
"L0655","1963","461","0.82","4","6","16602","84","1","1","1","61","non_binary","25-34","Central","0"
"L0267","12288","791","0.31","9","1","62166","60","0","1","1","82","non_binary","55-64","East","1"
"L0448","7729","822","0.14","11","2","36730","24","0","1","1","94","non_binary","55-64","East","1"
"L0506","14870","737","0.17","5","1","109731","12","1","1","1","95","female","55-64","North","1"
"L0244","8878","740","0.09","8","2","80893","48","0","1","1","86","female","35-44","West","1"
"L0874","4125","629","0.66","0","3","29712","60","1","1","1","33","female","65+","North","0"
"L0576","9394","789","0.13","3","2","110246","60","0","1","1","82","female","55-64","South","1"
"L0053","12068","690","0.32","4","2","95639","48","0","1","1","92","non_binary","35-44","East","1"
"L0022","6646","697","0.28","15","1","48361","48","0","1","1","75","non_binary","45-54","East","1"
"L0261","11121","746","0.19","8","0","25185","60","0","1","1","92","male","35-44","Central","1"
"L0128","12766","829","0.21","5","0","86062","36","0","1","1","82","female","65+","West","1"
"L0279","9147","755","0.15","15","2","91211","24","0","1","1","90","non_binary","25-34","South","1"
"L0054","6644","823","0.34","4","2","88346","24","0","1","1","89","female","25-34","South","1"
"L0120","5365","821","0.35","10","0","51717","60","0","1","1","77","female","45-54","East","1"
"L0051","15192","795","0.14","3","1","77611","60","0","1","1","78","female","25-34","South","1"
"L0699","1982","500","0.76","0","5","36399","36","1","1","0","33","male","65+","South","0"
"L0396","8219","823","0.21","3","1","118980","24","0","1","1","88","female","18-24","South","1"
"L0707","3986","652","0.87","3","7","27987","60","0","0","1","35","female","18-24","North","0"
"L0621","2604","556","0.46","4","4","13090","48","0","1","0","29","male","45-54","South","0"
"L0076","14768","804","0.13","13","1","107261","48","0","1","1","77","female","45-54","West","1"
"L0207","10649","728","0.1","12","1","82438","24","0","1","1","80","female","55-64","East","1"
"L0349","8553","752","0.25","15","2","101229","12","0","1","1","81","non_binary","25-34","North","1"
"L0027","8008","793","0.27","10","1","31671","48","0","1","1","82","non_binary","55-64","South","1"
"L0498","13432","809","0.32","7","1","55915","60","0","1","1","72","female","18-24","Central","1"
"L0423","10748","801","0.34","15","1","113670","60","0","1","1","78","male","35-44","West","1"
"L0979","2007","636","0.47","4","5","22126","36","0","0","0","34","non_binary","65+","South","0"
"L0796","5124","602","0.46","3","4","2697","84","0","1","0","29","non_binary","45-54","North","0"
"L0353","7289","829","0.24","7","0","86889","12","0","1","1","75","male","18-24","South","1"
"L0961","3470","522","0.67","3","4","35150","48","0","1","1","49","male","45-54","East","0"
"L0683","4026","538","0.87","2","4","39","120","0","1","1","44","non_binary","65+","West","0"
"L0593","13642","727","0.1","6","1","86337","24","0","1","1","84","non_binary","18-24","East","1"
"L0511","7224","732","0.33","12","2","97311","24","0","1","1","72","non_binary","65+","South","1"
"L0753","4727","625","0.54","1","4","34362","48","0","1","1","67","male","25-34","Central","0"
"L0864","7508","504","0.81","4","2","9740","36","0","1","0","54","female","25-34","North","0"
"L0955","2623","623","0.44","2","2","12704","36","1","1","0","48","female","35-44","North","0"
"L0126","7926","696","0.18","6","1","29547","60","0","1","1","85","male","35-44","Central","1"
"L0946","6926","607","0.52","0","6","8816","36","0","1","0","55","female","18-24","South","0"
"L0945","7596","657","0.85","0","5","15011","84","1","1","0","67","male","18-24","South","0"
"L0830","7022","528","0.67","0","6","22641","120","1","1","0","33","female","25-34","East","0"
"L0317","7184","819","0.12","6","0","119672","36","0","1","1","72","female","55-64","Central","1"
"L0747","4895","660","0.54","4","2","37786","48","0","1","0","28","female","35-44","Central","0"
"L0173","12948","700","0.34","6","2","88567","12","0","1","1","91","non_binary","18-24","West","1"
"L0574","13329","757","0.26","7","1","90943","12","0","1","1","77","female","65+","North","1"
"L0375","14628","795","0.16","10","2","58914","48","0","1","0","91","female","18-24","East","1"
"L0782","7125","457","0.6","2","6","4559","120","1","0","0","57","male","35-44","Central","0"
"L0274","15172","760","0.13","15","1","76269","60","0","1","1","87","non_binary","25-34","Central","1"
"L0701","7428","497","0.5","2","5","37694","36","0","1","1","63","male","18-24","Central","0"
"L0552","14608","820","0.24","14","2","100940","24","0","1","1","92","female","35-44","North","1"
"L0116","5495","742","0.22","6","1","44221","60","0","1","1","82","male","18-24","Central","1"
"L0647","4267","480","0.61","3","7","25951","36","1","1","0","47","male","18-24","North","0"
"L0973","7251","502","0.8","2","6","35089","36","0","1","0","66","non_binary","55-64","South","0"
"L0933","5806","432","0.49","0","3","39762","48","1","1","1","28","female","25-34","Central","0"
"L0183","11494","765","0.32","3","0","63720","48","0","1","1","88","male","35-44","North","1"
"L0437","6051","774","0.25","3","0","73581","36","0","1","1","91","non_binary","65+","West","1"
"L0855","4793","499","0.81","2","6","23331","36","0","1","0","35","non_binary","18-24","North","0"
"L0093","6457","697","0.09","14","0","24180","24","1","1","1","92","female","45-54","Central","1"
"L0811","1833","514","0.83","0","4","14093","36","1","1","1","66","non_binary","45-54","South","0"
"L0620","6762","441","0.43","1","3","41929","84","1","1","1","56","male","65+","East","0"
"L0391","12566","824","0.13","15","2","118235","36","0","1","1","92","female","18-24","East","1"
"L0263","11021","690","0.33","13","2","23657","60","0","1","1","90","non_binary","35-44","Central","1"
"L0663","6912","475","0.47","3","7","39051","48","1","1","1","33","male","45-54","South","0"
"L0302","15344","773","0.26","6","0","83810","36","0","1","1","89","male","35-44","West","1"
"L0728","5641","475","0.54","0","4","19548","36","1","1","0","59","female","45-54","East","0"
"L0083","9365","714","0.3","3","2","24337","60","0","1","1","92","female","65+","South","1"
"L0822","2379","653","0.72","3","6","29024","120","0","1","0","61","non_binary","45-54","East","0"
"L0397","15196","698","0.17","7","0","78858","24","0","1","1","94","male","18-24","Central","1"
"L0333","9319","713","0.24","14","1","31668","24","0","1","1","79","non_binary","25-34","East","1"
"L0531","12426","745","0.32","10","0","109580","24","0","1","1","86","non_binary","45-54","North","1"
"L0399","8343","808","0.27","8","1","52583","48","1","1","1","91","non_binary","25-34","Central","1"
"L0144","7366","736","0.1","11","2","79521","24","0","1","1","82","male","18-24","North","1"
"L0190","5570","734","0.24","7","0","81257","12","0","1","1","80","male","65+","South","1"
"L0832","4637","477","0.66","0","7","6456","36","0","1","0","37","female","18-24","North","0"
"L0241","8497","767","0.24","10","0","110098","36","0","1","1","80","non_binary","45-54","East","1"
"L0127","12983","744","0.15","12","1","67399","24","0","1","1","93","non_binary","18-24","North","1"
"L0980","6408","579","0.8","3","7","31662","84","0","1","1","31","male","25-34","East","0"
"L0153","7455","825","0.13","8","0","69773","60","0","1","1","88","non_binary","18-24","Central","1"
"L0305","11254","813","0.09","3","2","82751","24","0","1","1","78","female","55-64","East","1"
"L0442","14243","776","0.27","3","2","35777","36","0","1","1","76","non_binary","18-24","Central","1"
"L0196","8394","768","0.31","3","2","40264","60","0","1","0","73","female","65+","North","1"
"L0110","7642","772","0.09","9","0","46100","48","0","1","1","76","female","65+","East","1"
"L0846","2531","549","0.43","4","6","40940","48","0","1","1","64","female","55-64","South","0"
"L0004","14648","792","0.31","11","1","119750","48","0","1","1","75","male","25-34","South","1"
"L0565","8174","785","0.23","6","1","50500","12","0","1","1","84","female","25-34","Central","1"
"L0420","11837","786","0.22","12","1","41012","60","0","1","1","88","non_binary","18-24","West","1"
"L0755","3133","432","0.73","1","4","30630","36","1","1","1","66","female","18-24","North","0"
"L0233","12705","709","0.28","13","0","57479","24","1","1","1","90","male","45-54","West","1"
"L0176","15221","779","0.3","7","1","49639","24","0","1","1","87","non_binary","55-64","South","1"
"L0445","11457","690","0.27","10","2","111365","36","0","1","1","82","female","35-44","East","1"
"L0436","7684","715","0.13","9","2","96462","12","0","1","1","87","male","55-64","Central","1"
"L0489","11463","776","0.09","15","0","49685","36","0","1","0","75","non_binary","25-34","West","1"
"L0378","5484","747","0.31","6","2","63017","12","0","1","0","74","non_binary","55-64","West","1"
"L0056","8840","714","0.28","9","0","37121","36","0","1","1","93","female","25-34","North","1"
"L0975","4703","620","0.65","2","5","41623","60","1","1","1","41","male","35-44","West","0"
"L0295","9907","715","0.09","15","1","90827","48","0","1","1","71","non_binary","18-24","West","1"
"L0871","4720","534","0.77","0","4","7306","84","1","1","0","49","non_binary","55-64","West","0"
"L0730","3664","507","0.83","3","4","30892","60","1","1","0","37","male","18-24","South","0"
"L0124","10881","715","0.29","15","0","92528","24","0","1","1","73","male","55-64","West","1"
"L0562","5620","706","0.15","9","2","40059","12","0","1","1","84","male","25-34","South","1"
"L0338","13133","712","0.27","6","0","22613","36","0","1","1","83","female","55-64","Central","1"
"L0711","7091","600","0.42","0","2","10473","60","0","1","0","58","female","35-44","South","0"
"L0071","8511","820","0.09","10","2","109136","12","1","1","1","85","female","25-34","South","1"
"L0502","9337","783","0.18","11","2","68746","36","0","1","1","74","non_binary","45-54","East","1"
"L0869","6941","516","0.61","4","3","26229","36","0","1","0","49","male","18-24","South","0"
"L0394","5208","732","0.21","7","0","68175","36","1","1","1","96","female","25-34","North","1"
"L0065","5442","743","0.28","9","1","46657","36","0","1","0","82","female","45-54","North","1"
"L0676","2799","617","0.75","4","3","20751","120","0","1","0","62","female","65+","East","0"
"L0365","8368","769","0.11","13","2","44916","24","0","1","0","74","female","55-64","Central","1"
"L0067","12061","797","0.18","4","0","81155","48","0","1","1","93","male","65+","South","1"
"L0884","6016","505","0.43","4","6","35244","36","1","1","0","49","male","25-34","North","0"
"L0920","5121","616","0.64","1","5","3204","60","0","1","1","34","female","35-44","North","0"
"L0304","8443","834","0.25","10","1","65048","48","0","1","1","87","female","35-44","North","1"
"L0751","6959","564","0.8","4","5","39155","48","1","1","1","52","male","65+","West","0"
"L0415","7599","823","0.14","14","1","101840","24","0","1","1","86","male","25-34","East","1"
"L0907","3023","541","0.43","2","5","28332","120","1","1","0","66","female","35-44","South","0"
"L0592","12501","782","0.15","15","0","48876","12","0","1","1","92","non_binary","25-34","East","1"
"L0526","7747","716","0.32","6","0","43047","24","0","1","1","94","non_binary","35-44","South","1"
"L0691","7466","609","0.83","3","5","34055","120","1","1","0","48","female","25-34","West","0"
"L0319","10834","818","0.2","15","0","79938","36","0","1","1","70","female","25-34","East","1"
"L0633","4928","557","0.77","0","2","27051","48","0","1","0","44","male","35-44","East","0"
"L0800","2368","601","0.83","0","5","1696","120","1","1","0","44","non_binary","45-54","East","0"
"L0460","14464","702","0.29","9","0","77295","60","0","1","1","81","male","25-34","South","1"
"L0348","5591","765","0.22","13","2","40739","36","0","1","1","94","non_binary","35-44","East","1"
"L0826","5647","483","0.74","2","7","41506","48","0","0","0","42","non_binary","65+","Central","0"
"L0948","3998","432","0.85","1","3","39813","48","0","1","0","43","male","18-24","South","0"
"L0954","5617","491","0.64","1","3","2563","48","1","1","1","38","female","45-54","North","0"
"L0166","13336","745","0.29","7","2","81944","12","0","1","1","83","female","45-54","South","1"
"L0606","2497","501","0.72","3","5","16749","84","0","0","0","28","female","55-64","Central","0"
"L0978","2654","457","0.61","1","2","1944","36","1","1","0","54","non_binary","65+","East","0"
"L0886","7338","565","0.43","3","5","36945","48","1","1","0","61","male","55-64","North","0"
"L0444","6328","770","0.2","14","1","82736","60","0","1","1","80","male","65+","South","1"
"L0587","5951","732","0.14","10","2","37698","48","0","1","1","91","female","18-24","North","1"
"L0352","11909","754","0.23","10","0","89959","48","0","1","1","89","male","18-24","West","1"
"L0431","13587","719","0.3","8","0","45787","36","0","1","1","90","male","18-24","West","1"
"L0522","9763","725","0.26","12","0","94790","60","0","1","0","73","non_binary","25-34","East","1"
"L0764","7524","634","0.52","3","4","33455","120","0","1","0","67","female","25-34","West","0"
"L0769","7183","494","0.73","4","7","9666","84","0","1","1","48","male","45-54","North","0"
"L0569","6196","796","0.27","4","1","56016","60","0","1","1","77","non_binary","25-34","South","1"
"L0579","7528","737","0.1","11","1","87966","48","0","1","1","70","non_binary","25-34","South","1"
"L0359","10316","816","0.28","12","1","92967","12","0","1","1","77","female","25-34","North","1"
"L0723","5964","623","0.49","0","6","35137","84","1","1","0","66","female","45-54","Central","0"
"L0160","8666","825","0.15","12","2","36939","12","1","1","1","82","male","55-64","East","1"
"L0657","5492","590","0.86","0","2","16331","36","0","1","1","42","female","25-34","East","0"
"L0487","10177","780","0.13","5","1","67558","48","0","1","1","89","male","45-54","North","1"
"L0019","10693","768","0.34","3","1","34296","12","1","1","1","89","female","45-54","West","1"
"L0819","2638","594","0.78","3","4","20601","60","1","1","0","38","male","65+","North","0"
"L0465","8454","777","0.32","7","2","103815","24","0","1","1","73","non_binary","45-54","North","1"
"L0971","5118","642","0.86","4","7","28604","120","1","1","0","66","female","35-44","North","0"
"L0548","6295","702","0.22","6","0","114097","60","0","1","1","90","non_binary","65+","South","1"
"L0472","11651","794","0.13","5","1","49796","48","0","1","1","74","male","65+","West","1"
"L0364","8230","775","0.28","11","2","118149","24","1","1","1","73","non_binary","35-44","Central","1"
"L0327","13406","755","0.34","6","2","23353","48","0","1","0","87","male","25-34","North","1"
"L0761","7335","641","0.49","3","2","17309","48","1","1","0","46","non_binary","45-54","South","0"
"L0916","2311","432","0.51","2","7","41844","120","1","1","0","64","male","55-64","South","0"
"L0464","5487","772","0.32","5","1","54631","36","0","1","1","76","non_binary","25-34","Central","1"
"L0331","11072","730","0.33","3","0","22008","24","0","1","0","84","male","35-44","Central","1"
"L0984","3197","501","0.7","2","3","28342","48","1","0","0","52","female","65+","Central","0"
"L0157","8776","795","0.3","4","1","92848","48","0","1","0","95","non_binary","35-44","South","1"
"L0673","2601","565","0.47","1","7","38276","120","1","0","1","53","female","35-44","West","0"
"L0012","10491","692","0.17","15","2","93316","24","0","1","1","74","male","35-44","East","1"
"L0507","9212","762","0.2","9","1","115426","36","0","1","1","84","female","65+","North","1"
"L0419","11862","732","0.28","9","1","103768","60","0","1","1","78","non_binary","25-34","South","1"
"L0014","9380","802","0.26","13","0","103561","60","0","1","1","80","non_binary","45-54","Central","1"
"L0915","5639","546","0.8","0","3","35487","60","1","0","0","56","non_binary","18-24","South","0"
"L0200","7021","767","0.16","4","0","107387","12","0","1","1","79","non_binary","25-34","North","1"
"L0503","7075","691","0.28","13","2","31546","12","0","1","1","74","male","45-54","South","1"
"L0641","3309","458","0.64","3","6","1380","48","0","1","0","49","non_binary","18-24","North","0"
"L0467","12805","784","0.22","11","0","24270","12","0","1","1","86","non_binary","18-24","South","1"
"L0686","7327","595","0.47","3","6","14866","120","0","1","0","35","non_binary","25-34","North","0"
"L0763","6280","674","0.69","0","6","2415","48","1","1","0","62","male","45-54","Central","0"
"L0028","14383","706","0.13","13","0","34488","48","0","1","1","93","male","18-24","West","1"
"L0312","14749","707","0.17","5","1","54599","60","0","1","0","71","non_binary","55-64","North","1"
"L0737","4613","555","0.53","0","7","41471","120","1","1","0","61","female","55-64","Central","0"
"L0500","6918","734","0.25","9","1","26859","36","0","1","1","95","female","65+","Central","1"
"L0125","6494","774","0.15","14","0","26667","60","0","1","1","79","female","35-44","Central","1"
"L0185","7407","788","0.31","8","2","28537","12","0","1","1","82","female","65+","East","1"
"L0514","5888","699","0.19","12","0","29908","12","0","1","1","75","non_binary","55-64","Central","1"
"L0409","13093","749","0.34","9","0","56124","12","0","1","1","78","male","65+","West","1"
"L0824","5390","630","0.55","2","5","30362","120","1","1","0","34","female","55-64","West","0"
"L0870","4429","443","0.58","0","6","4143","48","1","1","0","28","female","55-64","North","0"
"L0918","2643","523","0.8","3","7","33939","36","0","0","1","56","male","18-24","East","0"
"L0195","13748","786","0.09","14","1","71916","48","0","1","1","86","non_binary","18-24","North","1"
"L0653","5189","497","0.86","2","4","38519","48","1","0","1","37","non_binary","35-44","West","0"
"L0600","7069","741","0.16","6","0","98915","24","0","1","1","96","non_binary","55-64","North","1"
"L0959","2000","488","0.73","1","7","8283","36","0","1","0","35","male","55-64","East","0"
"L0479","9341","832","0.33","15","1","97257","48","0","1","1","73","female","55-64","Central","1"
"L0986","3936","614","0.79","1","2","13671","120","0","1","0","40","non_binary","25-34","West","0"
"L0143","12596","751","0.14","12","2","60174","60","0","1","0","81","female","45-54","Central","1"
"L0416","8051","776","0.16","7","0","98095","36","0","1","1","89","male","18-24","Central","1"
"L0412","8809","832","0.26","7","2","112524","36","0","1","1","80","female","65+","Central","1"
"L0627","7048","453","0.75","1","3","36962","60","0","1","0","49","non_binary","25-34","North","0"
"L0455","11565","793","0.16","15","2","34756","60","0","1","1","89","female","65+","East","1"
"L0919","6977","655","0.55","4","2","2554","120","0","1","0","40","female","18-24","South","0"
"L0024","13994","719","0.23","8","2","85487","60","0","1","0","93","non_binary","45-54","West","1"
"L0458","10712","739","0.1","5","0","22016","24","0","1","1","80","male","25-34","East","1"
"L0836","2023","454","0.85","1","7","19144","120","0","1","1","67","female","25-34","East","0"
"L0324","14425","753","0.27","13","1","53115","12","0","1","0","96","male","18-24","East","1"
"L0777","4530","463","0.54","3","5","31564","84","1","1","1","45","female","18-24","East","0"
"L0693","5858","474","0.75","0","6","4816","84","1","1","0","57","non_binary","55-64","Central","0"
"L0938","5046","667","0.43","3","3","13814","120","0","1","1","34","female","65+","Central","0"
"L0248","7824","833","0.34","9","1","71874","24","0","1","0","82","non_binary","25-34","South","1"
"L0851","6121","623","0.83","0","7","12617","84","1","1","0","66","female","65+","South","0"
"L0558","5330","801","0.1","13","2","90848","48","0","1","1","85","male","45-54","North","1"
"L0481","7938","803","0.09","5","2","106841","24","0","1","1","76","male","55-64","Central","1"
"L0835","4181","439","0.49","2","3","9156","36","1","1","0","62","male","25-34","North","0"
"L0594","8291","817","0.32","12","1","95028","24","0","1","1","89","female","55-64","East","1"
"L0898","6591","608","0.81","0","5","31828","84","1","1","1","57","non_binary","45-54","South","0"
"L0803","3471","489","0.82","3","4","17246","48","0","1","0","52","male","55-64","South","0"
"L0947","6080","594","0.63","1","5","15117","84","1","1","1","62","non_binary","18-24","East","0"
"L0360","8367","823","0.25","12","0","36181","48","0","1","1","84","female","65+","North","1"
"L0046","9947","786","0.12","15","0","101569","36","0","1","1","89","non_binary","25-34","Central","1"
"L0285","6094","831","0.19","14","2","103215","48","0","1","1","70","male","18-24","North","1"
"L0608","3971","575","0.7","2","5","9315","36","1","1","1","56","female","65+","Central","0"
"L0010","8941","813","0.28","8","1","111746","48","0","1","1","84","female","45-54","Central","1"
"L0361","5675","711","0.25","10","1","117979","12","0","1","1","88","male","55-64","West","1"
"L0966","4642","522","0.53","3","7","10424","120","0","1","1","30","non_binary","55-64","South","0"
"L0358","9225","812","0.09","11","0","74930","48","0","1","1","79","non_binary","45-54","West","1"
"L0237","5372","795","0.13","8","1","83555","24","0","1","0","90","female","65+","West","1"
"L0778","3278","538","0.58","3","4","13350","36","1","0","0","48","non_binary","18-24","West","0"
"L0969","5324","567","0.44","2","5","8709","120","1","1","1","65","non_binary","45-54","West","0"
"L0013","7115","736","0.32","14","0","52165","36","0","1","1","82","female","65+","Central","1"
"L0923","6708","462","0.62","0","5","32623","36","1","1","1","58","male","45-54","North","0"
"L0943","2142","478","0.6","4","3","4695","36","1","1","1","41","female","18-24","South","0"
"L0152","7232","826","0.17","11","2","65256","24","0","1","1","92","male","35-44","Central","1"
"L0924","5314","532","0.67","0","7","21480","48","0","1","1","47","non_binary","55-64","Central","0"
"L0775","3533","666","0.78","4","2","31750","120","1","1","1","59","non_binary","55-64","North","0"
"L0077","9402","759","0.34","11","1","22760","36","0","1","1","71","non_binary","35-44","South","1"
"L0556","12892","723","0.22","15","2","51979","60","0","1","1","89","male","65+","South","1"
"L0418","6112","709","0.14","10","2","104574","12","1","1","1","84","non_binary","65+","East","1"
"L0122","6896","702","0.31","9","0","35772","60","1","1","1","78","male","65+","Central","1"
"L0914","1821","606","0.46","1","5","919","36","1","1","0","51","female","45-54","South","0"
"L0809","5507","629","0.5","2","4","9432","120","0","1","0","31","male","65+","North","0"
"L0087","15194","810","0.29","4","2","98583","48","0","1","1","73","male","65+","North","1"
"L0212","8707","735","0.15","5","1","28098","36","0","1","1","87","female","65+","West","1"
"L0850","6886","595","0.72","4","3","28829","36","1","1","1","44","non_binary","55-64","South","0"
"L0290","7356","822","0.31","10","0","82313","24","0","1","1","89","male","65+","East","1"
"L0784","5401","625","0.47","3","2","40437","120","0","1","1","45","female","25-34","East","0"
"L0422","8033","726","0.12","13","0","69644","24","0","1","1","75","male","55-64","East","1"
"L0615","5564","584","0.59","2","4","10023","60","1","1","1","48","male","65+","West","0"
"L0229","9323","713","0.09","7","1","108643","24","0","1","1","74","non_binary","18-24","Central","1"
"L0104","14877","803","0.09","7","0","41885","12","0","1","1","77","male","55-64","South","1"
"L0025","6502","691","0.21","11","1","46944","12","1","1","1","71","male","45-54","East","1"
"L0260","10657","722","0.29","6","0","117539","24","0","1","1","76","female","65+","South","1"
"L0743","5273","674","0.54","3","4","26822","48","1","1","0","58","non_binary","25-34","West","0"
"L0781","4918","616","0.66","3","6","34628","48","1","1","1","66","male","45-54","South","0"
"L0625","1926","572","0.86","1","5","18052","48","1","1","0","64","non_binary","18-24","Central","0"
"L0687","3110","535","0.77","1","6","37184","48","1","0","0","62","female","55-64","North","0"
"L0887","3842","652","0.84","0","6","9112","48","0","1","1","57","female","35-44","East","0"
"L0186","10785","750","0.14","13","0","92787","24","0","1","1","80","female","65+","West","1"
"L0001","12535","819","0.17","14","2","24394","48","0","1","1","80","non_binary","18-24","North","1"
"L0330","10111","755","0.17","14","2","75692","12","0","1","1","87","male","55-64","East","1"
"L0084","13862","721","0.16","8","1","30380","24","0","1","1","77","female","65+","East","1"
"L0609","2989","652","0.64","4","7","28761","60","1","1","1","45","non_binary","18-24","West","0"
"L0345","5937","784","0.24","8","2","90956","48","0","1","1","89","female","18-24","West","1"
"L0872","3327","628","0.82","0","6","23754","48","1","1","0","30","male","35-44","South","0"
"L0842","3765","503","0.82","2","5","24118","84","0","1","0","30","male","25-34","North","0"
"L0148","12406","835","0.25","14","0","29750","48","0","1","1","79","male","35-44","Central","1"
"L0055","10413","787","0.24","9","2","53761","24","0","1","1","94","non_binary","25-34","North","1"
"L0240","13387","763","0.17","13","1","49412","24","0","1","1","92","male","25-34","East","1"
"L0772","1841","505","0.5","1","4","12763","84","1","1","0","49","female","45-54","East","0"
"L0994","6818","540","0.69","1","2","38882","120","1","1","0","52","non_binary","18-24","Central","0"
"L0117","13041","828","0.18","14","1","22482","12","0","1","1","82","female","55-64","North","1"
"L0581","10301","818","0.16","13","1","93354","12","0","1","1","79","non_binary","35-44","West","1"
"L0057","7527","755","0.33","15","2","99837","36","0","1","1","76","non_binary","25-34","Central","1"
"L0271","8873","719","0.18","12","0","37695","24","0","1","0","71","female","35-44","Central","1"
"L0058","10462","785","0.32","6","2","49353","48","0","1","1","78","female","25-34","North","1"
"L0987","2601","542","0.81","1","5","11284","120","1","0","0","59","male","25-34","Central","0"
"L0351","11435","694","0.27","7","2","90663","24","0","1","1","76","non_binary","65+","Central","1"
"L0708","4114","562","0.73","1","7","1045","84","1","0","0","40","non_binary","45-54","South","0"
"L0925","7074","481","0.48","3","2","5058","84","0","1","0","53","male","25-34","West","0"
"L0932","2108","531","0.48","2","2","32278","84","1","1","0","39","male","18-24","East","0"
"L0659","2260","609","0.43","1","2","31569","120","1","1","0","50","non_binary","65+","West","0"
"L0136","12712","720","0.19","8","2","53764","48","0","1","0","76","non_binary","35-44","East","1"
"L0413","12921","776","0.12","3","2","100298","60","0","1","1","70","non_binary","25-34","West","1"
"L0407","6786","815","0.29","4","2","32845","48","0","1","1","74","non_binary","55-64","West","1"
"L0765","3008","535","0.46","3","6","23950","120","1","0","0","35","male","65+","West","0"
"L0589","15464","692","0.3","13","2","63087","36","0","1","0","85","female","35-44","South","1"
"L0654","3575","604","0.75","4","2","19118","60","0","0","0","41","male","65+","West","0"
"L0225","7059","832","0.18","7","2","53535","24","0","1","1","84","female","65+","Central","1"
"L0926","3915","674","0.75","1","2","10961","36","1","1","1","64","female","65+","South","0"
"L0395","6309","809","0.18","5","1","96643","12","0","1","1","87","non_binary","18-24","Central","1"
"L0974","2959","496","0.63","4","7","16956","120","0","1","0","51","male","35-44","North","0"
"L0509","14229","732","0.17","10","1","68198","36","0","1","1","70","non_binary","25-34","North","1"
"L0486","7257","817","0.13","4","2","59170","12","0","1","1","89","non_binary","55-64","West","1"
"L0072","5391","802","0.1","9","1","117282","12","1","1","1","83","non_binary","45-54","West","1"
"L0041","12791","798","0.32","3","0","106763","12","0","1","1","71","non_binary","65+","Central","1"
"L0300","12637","807","0.15","3","0","82763","12","0","1","1","86","female","55-64","North","1"
"L0102","7867","692","0.09","4","0","109833","12","0","1","1","76","non_binary","18-24","South","1"
"L0839","7389","472","0.7","0","2","11","120","1","1","0","52","female","25-34","Central","0"
"L0857","6316","462","0.49","2","6","5997","60","1","1","1","60","female","25-34","Central","0"
"L0426","8556","785","0.08","15","1","90931","48","0","1","1","91","male","45-54","North","1"
"L0451","8172","820","0.11","7","0","101714","60","0","1","1","85","non_binary","55-64","South","1"
"L0369","10474","823","0.25","13","2","102132","24","0","1","1","91","non_binary","35-44","North","1"
"L0962","3079","461","0.81","1","6","30326","36","1","0","1","53","male","35-44","South","0"
"L0298","13744","729","0.1","10","1","65175","12","0","1","1","84","male","45-54","East","1"
"L0400","8061","795","0.19","8","1","110354","12","1","1","1","86","female","35-44","North","1"
"L0949","7200","498","0.51","2","3","5797","120","0","1","0","46","non_binary","18-24","West","0"
"L0566","12862","818","0.16","7","0","108169","12","0","1","1","74","female","45-54","North","1"
"L0090","14280","820","0.21","7","2","103780","48","0","1","1","79","female","65+","North","1"
"L0222","12334","819","0.25","5","2","117848","24","0","1","1","93","male","55-64","Central","1"
"L0234","11585","785","0.26","7","2","117033","48","0","1","1","78","female","35-44","South","1"
"L0597","5787","820","0.3","4","0","29416","12","0","1","1","90","female","35-44","North","1"
"L0990","2383","440","0.59","2","2","32678","48","0","0","0","55","non_binary","18-24","North","0"
"L0188","8781","813","0.2","9","2","31160","12","0","1","0","77","male","45-54","Central","1"
"L0089","7750","808","0.12","3","0","44982","48","0","1","1","94","female","55-64","Central","1"
"L0909","3707","615","0.47","4","5","28401","60","0","1","1","41","female","55-64","South","0"
"L0384","7626","693","0.18","6","0","113816","24","0","1","1","95","male","65+","South","1"
"L0983","5336","430","0.45","0","3","21951","48","1","1","0","47","non_binary","25-34","North","0"
"L0510","13151","750","0.33","7","2","24938","24","0","1","1","92","male","18-24","East","1"
"L0318","8558","723","0.29","12","0","104087","12","0","1","1","94","non_binary","35-44","North","1"
"L0321","14979","764","0.14","6","2","42214","48","0","1","0","82","female","18-24","South","1"
"L0256","10450","771","0.13","15","0","76199","48","0","1","0","70","male","45-54","South","1"
"L0005","14760","708","0.1","4","2","110571","12","0","1","1","72","female","45-54","North","1"
"L0856","3109","651","0.71","1","4","34938","60","1","1","1","67","non_binary","45-54","East","0"
"L0187","15015","756","0.31","6","1","25118","24","0","1","1","75","male","25-34","West","1"
"L0314","7637","789","0.11","11","2","100953","48","0","1","0","89","male","45-54","Central","1"
"L0881","3495","455","0.49","3","3","18263","84","0","1","1","38","female","25-34","South","0"
"L0999","7115","524","0.57","3","7","6861","48","1","1","0","33","non_binary","45-54","South","0"
"L0561","13119","752","0.31","4","2","106490","36","0","1","1","75","male","18-24","East","1"
"L0066","8539","785","0.35","4","0","22488","12","0","1","1","81","female","35-44","South","1"
"L0658","4267","653","0.55","0","3","38696","84","0","1","1","61","female","65+","East","0"
"L0380","8815","740","0.3","11","0","45051","12","0","1","1","96","non_binary","35-44","North","1"
"L0406","9615","752","0.18","8","2","61938","12","0","1","1","90","male","35-44","South","1"
"L0443","14833","832","0.32","3","2","106233","12","0","1","1","76","female","25-34","East","1"
"L0605","6576","669","0.84","0","2","27950","84","0","0","1","58","male","18-24","Central","0"
"L0277","5645","749","0.18","4","2","113940","24","0","1","1","85","female","25-34","East","1"
"L0637","6042","518","0.56","2","3","41352","36","1","1","0","58","male","25-34","Central","0"
"L0037","8716","691","0.23","12","2","52969","60","0","1","1","92","female","65+","East","1"
"L0091","9170","775","0.23","7","2","101016","24","0","1","1","84","female","18-24","East","1"
"L0209","10408","775","0.15","3","0","116512","12","0","1","1","72","male","65+","North","1"
"L0652","6507","532","0.64","2","4","4924","36","1","1","1","59","non_binary","65+","North","0"
"L0105","11473","709","0.34","11","1","87525","24","0","1","1","95","female","55-64","Central","1"
"L0717","2792","496","0.7","3","3","13970","84","1","1","0","45","female","18-24","West","0"
"L0315","6125","757","0.18","14","1","41605","48","0","1","1","83","female","55-64","South","1"
"L0648","1895","669","0.75","3","5","40318","84","1","1","0","35","female","55-64","West","0"
"L0643","7237","512","0.69","3","7","41257","84","1","1","0","62","male","45-54","West","0"
"L0017","13340","715","0.32","13","1","44756","60","0","1","1","95","female","18-24","North","1"
"L0958","5595","674","0.57","4","6","18092","48","1","1","1","41","male","45-54","East","0"
"L0344","10994","757","0.14","7","1","85899","24","0","1","0","79","male","18-24","North","1"
"L0582","7157","825","0.22","7","2","39329","36","0","1","1","82","male","18-24","North","1"
"L0795","6258","567","0.83","1","7","13046","120","1","1","0","28","male","65+","North","0"
"L0573","15063","805","0.27","7","0","52528","60","0","1","1","78","male","18-24","South","1"
"L0404","8313","819","0.32","3","0","77256","12","0","1","1","87","female","18-24","West","1"
"L0151","6079","816","0.18","3","1","84712","36","0","1","1","74","female","18-24","West","1"
"L0097","13590","833","0.31","10","0","84534","12","0","1","1","95","male","25-34","South","1"
"L0214","14222","722","0.31","5","0","27727","48","0","1","1","93","female","65+","Central","1"
"L0583","12979","763","0.2","12","0","103369","36","0","1","1","74","female","25-34","North","1"
"L0282","11096","699","0.13","13","2","105209","24","0","1","1","96","non_binary","45-54","North","1"
"L0461","9497","815","0.32","8","1","24352","36","0","1","1","88","male","25-34","South","1"
"L0770","6502","445","0.49","1","4","8389","36","0","1","1","35","male","65+","North","0"
"L0401","9885","824","0.13","13","2","89161","36","0","1","1","77","non_binary","35-44","Central","1"
"L0204","13304","728","0.32","5","0","31195","12","0","1","0","92","non_binary","65+","North","1"
"L0376","12508","695","0.14","4","0","23325","12","0","1","1","87","male","18-24","South","1"
"L0198","13887","791","0.13","13","2","60902","24","0","1","0","94","male","55-64","Central","1"
"L0255","14195","724","0.34","14","0","45903","12","0","1","1","78","male","35-44","South","1"
"L0045","14550","786","0.27","12","2","105965","12","0","1","0","92","male","25-34","North","1"
"L0453","6279","807","0.22","10","1","112180","24","0","1","1","96","male","25-34","West","1"
"L0720","3950","673","0.49","4","7","41104","84","1","1","0","49","non_binary","45-54","West","0"
"L0283","13681","810","0.11","8","2","53403","24","0","1","1","92","male","45-54","East","1"
"L0252","7039","763","0.11","4","1","62501","24","0","1","1","75","non_binary","35-44","South","1"
"L0735","6123","591","0.78","2","5","20885","48","0","0","0","34","non_binary","18-24","Central","0"
"L0377","10057","743","0.17","6","1","97316","48","0","1","1","72","non_binary","55-64","East","1"
"L0354","6640","725","0.09","5","0","69063","60","0","1","1","96","male","35-44","Central","1"
"L0540","15371","795","0.15","15","1","52148","24","0","1","1","93","non_binary","55-64","West","1"
"L0392","8248","831","0.12","12","2","90799","24","0","1","1","83","male","18-24","East","1"
"L0572","8673","803","0.17","13","1","46750","60","0","1","0","70","non_binary","35-44","North","1"
"L0838","2499","506","0.83","3","4","33866","36","1","1","0","61","female","45-54","South","0"
"L0063","8662","707","0.26","6","2","108755","60","0","1","1","81","female","25-34","East","1"
"L0610","3597","492","0.56","3","7","6411","84","1","1","1","32","male","25-34","South","0"
"L0789","2712","573","0.75","4","6","31324","120","0","1","1","43","female","35-44","East","0"
"L0591","14291","728","0.11","10","0","117480","36","0","1","1","74","non_binary","65+","North","1"
"L0438","14001","748","0.26","7","1","88541","36","0","1","1","84","female","45-54","Central","1"
"L0559","8510","753","0.1","5","0","69316","12","0","1","1","84","non_binary","35-44","South","1"
"L0899","5795","538","0.54","4","7","1141","60","0","1","0","65","non_binary","25-34","West","0"
"L0322","12268","735","0.16","7","2","87952","48","0","1","1","85","female","18-24","Central","1"
"L0709","7082","463","0.74","3","6","36287","36","0","1","1","45","non_binary","55-64","Central","0"
"L0865","6769","625","0.57","2","2","7517","60","1","1","0","52","female","35-44","North","0"
"L0550","6130","721","0.18","6","2","67445","24","0","1","1","95","non_binary","35-44","Central","1"
"L0292","14039","754","0.34","7","1","118031","36","0","1","1","74","female","18-24","East","1"
"L0820","6838","475","0.45","0","3","28584","120","0","1","1","51","non_binary","55-64","East","0"
"L0812","4851","650","0.55","2","5","17124","120","0","1","1","38","non_binary","55-64","South","0"
"L0525","15073","834","0.25","14","0","24533","24","0","1","1","72","non_binary","45-54","North","1"
"L0843","2449","535","0.56","3","7","92","48","0","0","1","43","male","55-64","West","0"
"L0108","6017","755","0.3","15","1","101191","12","0","1","1","96","male","35-44","West","1"
"L0032","9588","816","0.27","14","2","45315","48","0","1","1","92","non_binary","45-54","South","1"
"L0759","2972","433","0.49","3","3","3286","60","1","1","1","56","male","65+","West","0"
"L0299","14891","827","0.27","4","1","104310","12","0","1","1","85","male","55-64","South","1"
"L0119","14713","818","0.15","9","2","28556","12","0","1","1","81","non_binary","65+","Central","1"
"L0518","6672","804","0.34","15","0","25872","60","0","1","0","75","female","45-54","North","1"
"L0787","4233","552","0.5","2","3","32757","48","0","0","0","32","male","65+","South","0"
"L0165","7567","823","0.31","15","0","86576","12","0","1","1","70","female","25-34","Central","1"
"L0203","10748","786","0.23","7","0","107950","12","0","1","1","76","non_binary","18-24","North","1"
"L0756","6895","551","0.87","2","7","7570","36","0","1","0","55","non_binary","35-44","Central","0"
"L0170","12844","792","0.16","6","1","112678","24","0","1","1","76","female","45-54","East","1"
"L0810","6592","632","0.76","4","2","22069","84","1","1","0","50","male","55-64","North","0"
"L0636","2666","630","0.56","2","5","59","84","0","1","0","62","non_binary","35-44","Central","0"
"L0910","6406","641","0.75","3","3","31710","48","1","1","1","35","male","35-44","East","0"
"L0731","2503","583","0.44","1","3","27957","60","1","1","0","55","male","18-24","West","0"
"L0553","8830","705","0.12","14","0","50884","12","0","1","1","95","female","25-34","North","1"
"L0664","5032","649","0.68","3","7","11715","60","1","1","0","67","non_binary","55-64","South","0"
"L0245","11070","710","0.31","14","1","78987","48","1","1","1","93","male","18-24","North","1"
"L0913","4350","656","0.62","4","3","18903","60","1","0","1","39","female","45-54","Central","0"
"L0310","10224","814","0.32","8","1","83828","36","0","1","1","88","male","25-34","South","1"
"L0228","9014","832","0.32","10","0","56866","48","0","1","0","86","male","25-34","South","1"
"L0705","5584","448","0.62","4","5","21428","36","0","1","0","43","female","35-44","South","0"
"L0023","9582","741","0.3","3","0","79100","48","0","1","1","78","female","18-24","Central","1"
"L0374","6008","774","0.23","15","1","106417","60","1","1","1","91","non_binary","65+","East","1"
"L0879","3010","559","0.86","4","3","25176","60","0","1","0","34","female","55-64","North","0"
"L0154","10865","713","0.25","3","1","38809","36","0","1","1","72","male","45-54","South","1"
"L0008","9643","747","0.28","13","1","73703","12","0","1","1","92","female","18-24","Central","1"
"L0410","12250","817","0.32","6","1","86666","48","0","1","1","89","female","35-44","Central","1"
"L0425","8495","796","0.16","7","2","56022","48","0","1","1","84","male","18-24","North","1"
"L0424","12357","796","0.35","10","0","45651","60","0","1","1","94","male","65+","West","1"
"L0901","4475","473","0.63","0","6","8191","84","0","1","0","48","non_binary","65+","East","0"
"L0491","14940","710","0.18","13","0","90965","60","0","1","1","93","male","55-64","West","1"
"L0873","5934","529","0.68","0","7","24649","36","1","1","0","29","non_binary","65+","South","0"
"L0494","5805","702","0.09","9","1","27891","24","0","1","1","73","male","55-64","North","1"
"L0667","4547","457","0.54","1","2","31502","84","0","1","1","40","female","45-54","East","0"
"L0113","9195","762","0.12","3","0","64498","36","0","1","1","84","female","45-54","North","1"
"L0542","12734","813","0.11","3","0","80736","48","0","1","1","87","male","25-34","Central","1"
"L0463","14296","771","0.34","3","1","112657","60","0","1","1","82","female","65+","Central","1"
"L0982","4463","495","0.53","0","2","9285","120","1","0","0","38","female","35-44","East","0"
"L0357","15261","719","0.33","5","0","39911","12","0","1","1","80","non_binary","25-34","Central","1"
"L0145","15393","701","0.33","13","1","64355","12","0","1","1","78","female","35-44","North","1"
"L0733","6256","582","0.81","2","3","7611","48","0","1","0","54","male","45-54","West","0"
"L0147","8854","720","0.12","6","0","96671","36","0","1","1","80","non_binary","45-54","East","1"
"L0434","10646","722","0.26","4","1","100018","48","0","1","1","70","non_binary","45-54","North","1"
"L0799","6326","643","0.71","4","5","1208","60","0","1","1","65","male","18-24","South","0"
"L0863","7468","528","0.73","3","3","13776","60","0","0","1","63","male","18-24","West","0"
"L0350","10107","751","0.15","13","2","83985","12","0","1","0","96","non_binary","25-34","Central","1"
"L0880","5140","642","0.67","3","2","38539","60","1","1","1","29","female","18-24","Central","0"
"L0736","6750","533","0.79","0","4","18609","36","1","1","1","60","male","35-44","East","0"
"L0172","6641","748","0.08","15","1","98972","48","0","1","1","83","non_binary","45-54","West","1"
"L0792","7111","528","0.52","3","4","6472","48","0","1","1","28","female","65+","East","0"
"L0039","7778","760","0.19","15","2","25363","48","0","1","1","86","female","35-44","Central","1"
"L0015","9107","702","0.14","7","1","73667","24","0","1","1","81","male","55-64","South","1"
"L0251","6023","782","0.1","15","0","37401","60","0","1","0","88","male","25-34","South","1"
"L0936","3847","455","0.43","4","4","2755","48","0","1","1","61","female","18-24","East","0"
"L0952","4692","550","0.63","2","7","10121","36","1","1","0","38","non_binary","65+","Central","0"
"L0346","12775","799","0.1","3","2","23113","48","0","1","1","72","non_binary","25-34","East","1"
"L0726","5614","570","0.73","4","4","16378","48","1","1","0","32","non_binary","18-24","East","0"
"L0161","7310","761","0.25","14","1","104226","60","0","1","0","90","male","25-34","East","1"
"L0018","12154","789","0.24","15","1","51645","60","0","1","0","75","male","35-44","South","1"
"L0967","1872","484","0.63","2","4","21081","60","1","1","0","30","male","25-34","West","0"
"L0957","3213","519","0.75","4","2","38711","120","1","1","0","65","female","55-64","East","0"
"L0068","5700","764","0.23","7","2","109224","60","0","1","1","73","male","18-24","Central","1"
"L0671","2165","466","0.44","2","2","13117","120","0","0","0","66","male","55-64","Central","0"
"L0814","5760","624","0.77","2","7","33542","120","0","1","1","33","male","35-44","East","0"
"L0989","3919","555","0.69","0","5","14955","60","1","1","1","60","non_binary","35-44","East","0"
"L0082","14684","713","0.11","3","2","92465","36","0","1","1","80","female","45-54","North","1"
"L0208","8435","798","0.23","4","1","116042","36","0","1","1","90","male","18-24","South","1"
"L0440","9888","692","0.13","8","1","48520","12","0","1","1","94","non_binary","25-34","East","1"
"L0537","6111","742","0.11","13","0","27313","24","0","1","1","72","male","25-34","Central","1"
"L0219","6281","694","0.27","4","0","41127","48","0","1","1","81","female","65+","East","1"
"L0766","2779","574","0.75","4","4","39543","36","1","1","0","60","non_binary","55-64","South","0"
"L0739","4617","431","0.56","0","2","16872","120","1","1","0","37","female","35-44","Central","0"
"L0493","15015","765","0.09","4","0","82340","12","0","1","1","79","male","35-44","East","1"
"L0296","11904","773","0.2","4","2","65076","36","0","1","1","78","female","55-64","Central","1"
"L0339","14385","692","0.27","7","2","32061","48","0","1","1","92","female","25-34","North","1"
"L0992","5626","579","0.78","3","7","5649","60","1","1","0","46","male","65+","East","0"
"L0075","7125","699","0.1","13","2","50097","12","0","1","1","92","male","35-44","West","1"
"L0254","9305","735","0.22","10","0","66894","36","0","1","1","88","male","18-24","North","1"
"L0773","3302","550","0.79","1","3","19053","48","0","0","1","32","non_binary","55-64","South","0"
"L0793","2580","503","0.63","3","3","2168","84","1","1","0","48","non_binary","55-64","West","0"
"L0264","6792","795","0.08","11","0","55723","48","0","1","1","72","male","55-64","West","1"
"L0624","5404","668","0.44","4","4","41895","84","0","1","0","29","non_binary","45-54","North","0"
"L0712","2635","491","0.49","1","3","13302","120","1","1","0","64","male","35-44","South","0"
"L0062","11154","706","0.16","8","0","48434","48","0","1","1","80","female","25-34","Central","1"
"L0473","12514","785","0.18","7","2","85672","12","0","1","1","89","non_binary","25-34","North","1"
"L0703","3100","661","0.85","3","4","39402","36","1","1","0","51","female","55-64","North","0"
"L0748","2406","495","0.52","1","3","31160","36","0","1","1","56","female","35-44","West","0"
"L0794","5622","470","0.52","1","5","37950","84","0","1","1","55","female","18-24","Central","0"
"L0109","8008","787","0.21","11","0","104537","24","0","1","1","73","non_binary","45-54","East","1"
"L0599","10781","805","0.32","14","2","31639","36","0","1","1","77","male","18-24","South","1"
"L0232","9045","738","0.22","5","2","30735","48","0","1","1","76","non_binary","18-24","Central","1"
"L0250","8283","698","0.09","4","0","106757","36","1","1","1","76","female","25-34","North","1"
"L0137","10936","696","0.28","8","2","77551","24","0","1","0","70","male","65+","East","1"
"L0977","6106","491","0.73","1","4","20688","48","0","1","0","46","non_binary","65+","East","0"
"L0475","14827","794","0.11","8","1","78645","48","1","1","1","84","male","25-34","North","1"
"L0171","14466","732","0.11","6","0","40075","36","1","1","1","71","male","55-64","North","1"
"L0956","2192","634","0.5","4","6","6400","84","1","1","0","60","non_binary","35-44","South","0"
"L0893","4345","478","0.74","0","3","22222","36","1","1","1","29","non_binary","65+","East","0"
"L0085","14416","800","0.15","14","2","109265","60","0","1","1","95","male","65+","West","1"
"L0889","4030","674","0.84","2","4","6118","60","0","0","0","51","non_binary","18-24","South","0"
"L0829","5605","618","0.57","0","2","28697","84","1","1","0","45","non_binary","65+","West","0"
"L0549","14142","747","0.09","10","0","41127","24","0","1","1","75","non_binary","18-24","South","1"
"L0306","8596","698","0.11","14","2","57082","60","0","1","1","78","male","18-24","North","1"
"L0557","12657","758","0.13","13","0","73146","60","0","1","1","79","male","45-54","East","1"
"L0501","10368","733","0.18","9","2","109084","60","0","1","1","90","female","35-44","East","1"
"L0996","2048","517","0.79","1","3","2111","48","0","1","0","33","female","25-34","South","0"
"L0294","11914","704","0.15","8","1","39062","24","0","1","1","90","male","35-44","North","1"
"L0623","6513","639","0.48","2","3","32750","120","1","0","1","56","non_binary","35-44","West","0"
"L0752","3913","461","0.63","1","2","10597","36","0","1","1","61","female","35-44","West","0"
"L0964","7480","578","0.56","4","5","25188","48","1","1","0","63","male","55-64","East","0"
"L0677","1947","455","0.55","1","3","32217","48","1","1","0","36","male","55-64","East","0"
"L0815","2011","587","0.5","3","5","31775","48","1","1","1","65","non_binary","55-64","South","0"
"L0679","4085","627","0.75","2","6","16480","60","1","1","0","38","non_binary","25-34","Central","0"
"L0078","14507","712","0.32","14","0","99209","24","0","1","1","81","male","45-54","Central","1"
"L0662","2146","608","0.48","1","7","4645","36","1","1","1","36","male","35-44","Central","0"
"L0048","6083","759","0.28","10","2","110566","60","0","1","1","76","non_binary","35-44","Central","1"
"L0725","5346","570","0.74","1","3","2957","120","0","1","0","41","male","18-24","South","0"
"L0516","14224","758","0.19","10","0","95123","36","0","1","1","74","female","45-54","Central","1"
"L0485","12049","702","0.12","15","1","88319","24","0","1","0","81","non_binary","65+","South","1"
"L0921","4637","460","0.48","1","7","29097","84","0","1","1","30","male","18-24","East","0"
"L0286","13796","824","0.18","12","2","74597","36","0","1","1","92","male","35-44","North","1"
"L0040","13441","832","0.22","8","2","85621","36","0","1","1","80","female","55-64","North","1"
"L0180","10241","811","0.29","13","1","100214","24","0","1","0","91","male","65+","North","1"
"L0301","13138","743","0.12","10","1","34690","24","0","1","1","74","non_binary","35-44","West","1"
"L0555","14838","722","0.34","8","1","47133","36","0","1","1","77","non_binary","25-34","South","1"
"L0268","8564","782","0.34","11","0","77802","36","0","1","1","95","non_binary","65+","East","1"
"L0660","7040","644","0.67","2","3","12552","48","1","1","0","61","male","55-64","South","0"
"L0215","7993","701","0.31","15","2","87438","48","0","1","1","78","male","55-64","Central","1"
"L0875","5170","608","0.77","0","6","3665","120","1","1","0","46","female","35-44","West","0"
"L0529","6323","756","0.22","3","2","96082","48","0","1","1","82","female","18-24","East","1"
"L0577","5915","710","0.3","11","2","80274","12","0","1","0","74","non_binary","25-34","North","1"
"L0801","2826","669","0.45","4","3","22635","84","1","1","0","64","male","45-54","North","0"
"L0441","13348","721","0.3","9","0","62739","36","0","1","1","84","male","65+","South","1"
"L0428","6237","718","0.33","5","0","82146","12","0","1","1","94","male","65+","East","1"
"L0963","6144","656","0.47","4","2","4937","36","0","1","0","47","non_binary","65+","Central","0"
"L0681","6536","504","0.44","0","6","15938","84","0","1","0","60","male","25-34","North","0"
"L0543","6468","822","0.09","10","1","39973","36","0","1","1","71","female","45-54","West","1"
"L0483","9677","750","0.2","8","0","60492","48","0","1","1","83","male","65+","Central","1"
"L0523","8450","770","0.09","10","0","78203","12","0","1","1","75","male","35-44","West","1"
"L0804","7277","671","0.54","0","4","40185","48","1","1","0","49","male","18-24","South","0"
"L0480","13155","819","0.21","5","1","103872","60","0","1","0","70","male","18-24","West","1"
"L0132","6952","771","0.29","8","0","107712","60","0","1","1","70","female","18-24","Central","1"
"L0280","6620","708","0.26","5","1","93880","36","0","1","1","96","non_binary","25-34","West","1"
"L0309","12929","701","0.25","6","2","77169","24","0","1","1","84","non_binary","18-24","West","1"
"L0035","9418","729","0.23","6","0","114239","48","0","1","1","75","female","45-54","West","1"
"L0265","10819","696","0.2","3","1","57942","36","0","1","0","82","male","18-24","Central","1"
"L0181","14165","829","0.31","10","0","28298","36","0","1","0","70","non_binary","35-44","West","1"
"L0069","5664","691","0.19","10","1","73701","60","0","1","1","85","male","35-44","East","1"
"L0303","13561","741","0.27","7","2","70073","60","0","1","1","71","female","65+","West","1"
"L0823","3772","479","0.81","3","5","23017","120","1","1","1","46","female","55-64","Central","0"
"L0074","12489","733","0.13","14","1","56792","36","0","1","1","81","non_binary","35-44","North","1"
"L0262","14282","696","0.31","9","1","78485","60","0","1","0","84","female","45-54","North","1"
"L0408","12097","833","0.22","7","1","30582","36","0","1","1","73","male","25-34","South","1"
"L0405","7694","733","0.28","4","1","66807","36","1","1","1","95","non_binary","45-54","Central","1"
"L0288","13606","821","0.3","3","0","59742","48","0","1","1","88","non_binary","35-44","Central","1"
"L0680","6377","557","0.69","3","6","7796","60","1","1","0","39","female","65+","South","0"
"L0538","9679","802","0.11","8","1","84303","24","0","1","0","77","male","35-44","North","1"
"L0519","7227","693","0.15","15","2","39175","48","0","1","1","80","female","55-64","North","1"
"L0174","6721","728","0.16","11","0","85668","24","0","1","1","91","female","25-34","West","1"
"L0218","11851","753","0.11","10","1","65593","60","0","1","1","73","female","65+","East","1"
"L0411","8530","822","0.12","3","1","58705","24","0","1","1","79","female","55-64","West","1"
"L0965","2746","656","0.7","4","4","13649","60","0","1","1","47","male","35-44","Central","0"
"L0632","7316","617","0.53","2","2","417","48","1","0","0","43","male","18-24","Central","0"
"L0224","6513","738","0.25","14","2","64688","48","0","1","1","94","male","18-24","West","1"
"L0942","6134","672","0.45","1","3","34626","60","0","1","0","67","non_binary","35-44","East","0"
"L0619","6879","482","0.68","4","6","9795","60","1","1","0","46","female","25-34","South","0"
"L0194","9737","758","0.14","4","2","41788","48","0","1","1","90","non_binary","18-24","East","1"
"L0323","7832","823","0.19","3","1","91747","60","0","1","1","87","male","55-64","West","1"
"L0746","3776","453","0.54","3","4","18921","48","1","1","0","63","non_binary","25-34","South","0"
"L0521","15156","835","0.32","3","2","60784","24","0","1","0","76","non_binary","65+","North","1"
"L0564","5543","729","0.16","15","0","78938","24","0","1","1","96","non_binary","55-64","North","1"
"L0293","6458","779","0.21","11","1","25885","36","0","1","1","90","male","65+","North","1"
"L0146","7797","725","0.15","4","0","108173","24","0","1","1","88","female","18-24","South","1"
"L0269","8951","793","0.1","4","2","71863","12","0","1","1","88","female","65+","North","1"
"L0016","11552","727","0.15","3","1","35313","48","0","1","0","78","female","35-44","North","1"
"L0050","9843","778","0.29","3","0","25117","12","0","1","1","89","male","18-24","West","1"
"L0099","14132","814","0.3","9","2","57839","12","0","1","1","85","male","18-24","Central","1"
"L0217","7728","732","0.1","8","0","102824","48","0","1","1","87","non_binary","35-44","South","1"
"L0878","6752","449","0.47","0","3","29200","60","0","1","1","53","non_binary","65+","East","0"
"L0732","3322","563","0.46","0","4","38674","60","1","1","0","43","non_binary","18-24","East","0"
"L0297","6494","756","0.23","7","0","31844","24","0","1","1","85","non_binary","55-64","North","1"
"L0722","1996","503","0.66","1","2","2053","48","1","1","0","32","female","45-54","West","0"
"L0696","7582","555","0.85","1","5","29798","36","0","1","1","30","non_binary","35-44","East","0"
"L0876","2145","635","0.87","3","5","39187","36","1","1","0","38","non_binary","65+","Central","0"
"L0362","5483","822","0.18","4","2","96056","36","0","1","1","76","male","45-54","East","1"
"L0497","11275","767","0.11","13","0","73169","36","0","1","1","81","female","65+","South","1"
"L0060","14214","723","0.26","4","2","99615","36","0","1","1","87","female","45-54","Central","1"
"L0287","8560","701","0.33","11","0","38408","48","0","1","1","76","non_binary","65+","East","1"
"L0590","14195","707","0.2","6","2","64913","48","0","1","1","89","female","25-34","West","1"
"L0904","4066","514","0.45","2","6","31131","36","1","1","1","62","male","25-34","North","0"
"L0313","14927","809","0.17","4","1","40858","36","0","1","1","87","male","45-54","North","1"
"L0867","6190","437","0.7","4","2","35727","60","1","1","0","31","non_binary","35-44","East","0"
"L0754","2358","626","0.43","2","2","28507","60","1","1","0","34","female","25-34","North","0"
"L0678","6462","566","0.61","3","6","29190","48","1","1","1","66","female","65+","Central","0"
"L0003","14877","801","0.17","14","1","87748","36","0","1","1","79","male","55-64","East","1"
"L0721","2114","438","0.73","0","3","31159","60","0","1","1","61","non_binary","25-34","West","0"
"L0316","14369","788","0.34","6","1","100172","12","0","1","1","72","non_binary","35-44","Central","1"
"L0894","4757","626","0.65","0","4","29130","36","1","0","0","67","non_binary","55-64","South","0"
"L0797","2287","620","0.84","4","7","18663","120","1","1","0","43","male","45-54","East","0"
"L0273","13197","770","0.3","10","0","62871","60","0","1","0","74","female","65+","Central","1"
"L0211","11592","744","0.34","12","2","81080","60","0","1","1","72","non_binary","35-44","South","1"
"L0457","13588","783","0.21","5","0","33251","36","0","1","1","78","female","18-24","East","1"
"L0150","7689","814","0.17","14","2","49430","60","0","1","1","74","non_binary","55-64","North","1"
"L0734","6428","487","0.51","3","6","26763","36","1","1","1","42","female","25-34","West","0"
"L0278","10585","714","0.27","10","1","33757","48","0","1","1","91","male","45-54","South","1"
"L0179","13762","756","0.34","14","1","76387","36","0","1","1","70","non_binary","35-44","North","1"
"L0639","1959","674","0.79","2","4","14709","60","0","1","0","29","female","35-44","South","0"
"L0908","2553","588","0.69","3","7","12517","60","0","1","1","50","male","18-24","West","0"
"L0638","5516","534","0.78","0","7","33169","36","1","0","1","35","male","25-34","North","0"
"L0199","12461","739","0.24","12","2","114204","48","0","1","1","80","non_binary","45-54","South","1"
"L0791","2844","473","0.68","1","5","30283","84","0","1","1","44","female","35-44","South","0"
"L0168","9056","761","0.11","15","2","44547","12","0","1","1","95","non_binary","55-64","North","1"
"L0877","3363","538","0.75","3","5","9809","48","0","1","1","33","non_binary","55-64","North","0"
"L0098","12102","748","0.21","13","0","58499","12","0","1","1","76","female","25-34","South","1"
"L0216","14925","780","0.21","15","0","116315","60","0","1","1","75","male","35-44","South","1"
"L0131","14611","822","0.33","6","2","116324","24","0","1","1","96","female","35-44","East","1"
"L0860","6645","636","0.78","0","5","24495","48","0","1","0","49","male","25-34","North","0"
"L0545","8625","726","0.19","5","0","116287","36","0","1","1","84","female","65+","East","1"
"L0527","11185","697","0.15","15","2","91337","48","0","1","1","86","male","35-44","North","1"
"L0646","3009","608","0.82","0","4","1214","84","0","1","0","29","male","55-64","West","0"
"L0776","3596","445","0.46","2","4","493","60","1","1","1","48","female","65+","East","0"
"L0370","12671","708","0.23","10","1","37777","48","0","1","1","91","male","35-44","East","1"
"L0740","5051","673","0.52","2","5","27641","120","1","1","1","40","female","18-24","West","0"
"L0911","4381","546","0.49","0","5","25626","84","0","0","0","28","non_binary","25-34","South","0"
"L0308","12263","810","0.08","15","1","74915","36","0","1","0","72","male","55-64","North","1"
"L0813","3614","585","0.79","0","4","31543","120","0","1","1","59","male","65+","South","0"
"L0611","2381","442","0.48","3","3","35978","120","1","1","0","49","non_binary","35-44","West","0"
"L0336","8852","828","0.24","6","0","101629","60","0","1","1","71","female","55-64","Central","1"
"L0631","6899","626","0.52","0","2","18106","36","0","1","0","56","male","35-44","South","0"
"L0474","8687","716","0.22","6","2","40051","60","0","1","1","95","non_binary","65+","East","1"
"L0934","4863","611","0.52","4","2","36907","36","1","1","0","43","male","25-34","West","0"
"L0340","9163","764","0.18","11","0","63807","36","0","1","1","71","non_binary","55-64","West","1"
"L0551","7825","810","0.16","15","0","85545","24","0","1","1","76","female","25-34","North","1"
"L0070","9393","758","0.22","9","0","65481","48","0","1","0","95","female","18-24","South","1"
"L0388","13880","805","0.26","9","2","88204","60","0","1","1","75","male","18-24","South","1"
"L0163","13734","765","0.26","9","2","94400","60","0","1","1","88","female","45-54","South","1"
"L0432","11026","727","0.23","4","0","37810","24","0","1","1","90","non_binary","25-34","North","1"
"L0697","4110","524","0.47","1","7","26858","120","1","1","1","58","male","35-44","North","0"
"L0530","7497","821","0.35","11","1","44225","60","0","1","0","91","non_binary","25-34","East","1"
"L0210","8313","707","0.33","14","2","41303","36","1","1","1","73","male","25-34","South","1"
"L0614","3736","616","0.76","0","6","36794","48","0","1","1","30","male","18-24","Central","0"
"L0238","5386","730","0.17","5","1","44416","36","0","1","1","80","female","55-64","West","1"
"L0714","4037","442","0.56","3","5","21846","60","1","1","0","53","male","18-24","West","0"
"L0912","3236","496","0.55","3","5","17509","48","0","1","0","54","male","35-44","Central","0"
"L0960","3260","486","0.48","3","4","1901","36","1","1","0","58","female","25-34","Central","0"
"L0998","3478","489","0.78","3","5","32958","84","1","1","0","58","non_binary","18-24","North","0"
"L0158","5208","765","0.14","4","0","78369","24","0","1","1","82","non_binary","45-54","East","1"
"L0560","7012","757","0.33","8","1","23147","60","0","1","1","77","male","65+","North","1"
"L0607","6163","546","0.76","1","2","9480","60","0","1","0","44","non_binary","35-44","West","0"
"L0508","5811","798","0.1","13","1","34205","48","0","1","1","87","non_binary","35-44","Central","1"
"L0061","14761","738","0.18","14","2","100709","60","0","1","1","92","female","45-54","South","1"
"L0026","13069","713","0.17","13","0","81000","12","0","1","1","81","female","55-64","North","1"
"L0750","3972","490","0.6","1","2","4371","60","1","1","0","30","male","35-44","North","0"
"L0972","6445","553","0.51","0","2","3905","60","1","1","1","35","male","18-24","North","0"
"L0546","6717","720","0.23","11","1","27810","60","0","1","1","90","female","25-34","West","1"
"L0130","11916","781","0.31","7","2","73803","24","0","1","1","79","male","35-44","East","1"
"L0226","13648","705","0.34","12","1","114647","24","0","1","1","92","male","18-24","East","1"
"L0156","12335","769","0.11","9","0","68156","48","0","1","1","94","non_binary","55-64","Central","1"
"L0970","4857","478","0.52","1","7","9093","84","1","1","0","58","female","45-54","East","0"
"L0398","9201","739","0.09","7","0","82878","12","0","1","1","74","male","65+","Central","1"
"L0995","3156","623","0.66","3","6","3898","60","1","1","1","41","male","35-44","East","0"
"L0030","8403","701","0.12","7","1","84061","48","0","1","1","89","male","45-54","North","1"
"L0575","6723","737","0.33","3","2","29299","60","0","1","1","70","non_binary","45-54","South","1"
"L0758","4518","447","0.62","4","5","9317","36","0","1","1","66","non_binary","35-44","West","0"
"L0825","4981","475","0.48","3","2","38723","120","0","1","1","37","male","55-64","West","0"
"L0685","7247","510","0.74","0","5","28313","120","0","1","0","36","female","18-24","Central","0"
"L0334","14322","745","0.16","15","0","107085","24","0","1","1","96","non_binary","55-64","North","1"
"L0604","5556","578","0.58","2","2","29633","60","1","1","0","29","non_binary","55-64","West","0"
"L0417","10449","729","0.29","8","2","93719","12","0","1","1","85","female","18-24","East","1"
"L0580","8296","720","0.2","6","1","54389","24","0","1","1","84","female","55-64","South","1"
"L0106","7641","786","0.31","13","1","51614","60","0","1","1","95","female","65+","Central","1"
"L0640","3269","564","0.63","4","6","34184","120","1","1","1","47","non_binary","35-44","West","0"
"L0665","6916","442","0.76","0","7","10265","84","0","1","0","39","male","55-64","South","0"
"L0951","2770","447","0.44","0","4","3317","60","1","1","0","36","non_binary","65+","South","0"
"L0246","6508","805","0.16","8","1","70102","60","0","1","1","89","male","18-24","Central","1"
"L0719","4683","475","0.57","4","7","14510","120","1","1","0","41","non_binary","65+","East","0"
"L0888","4633","547","0.55","2","6","14874","120","1","1","0","46","male","35-44","South","0"
"L0532","14531","825","0.14","15","2","58570","12","0","1","1","95","male","35-44","East","1"
"L0727","6332","625","0.61","1","4","28909","120","1","1","1","43","male","65+","East","0"
"L0363","13455","747","0.16","15","0","89595","24","0","1","1","88","non_binary","45-54","East","1"
"L0852","1939","578","0.8","4","4","12962","48","0","1","1","53","male","45-54","Central","0"
"L0129","9979","764","0.32","9","2","89069","60","0","1","1","77","male","45-54","East","1"
"L0462","8717","717","0.23","5","0","25615","12","0","1","1","72","female","65+","South","1"
"L0193","13607","696","0.23","12","0","28156","60","0","1","1","92","male","35-44","West","1"
"L0112","13084","694","0.18","15","0","29069","12","0","1","1","85","female","35-44","North","1"
"L0227","6668","701","0.24","10","1","38610","36","0","1","0","79","female","45-54","West","1"
"L0439","15254","697","0.24","14","0","25525","48","0","1","0","92","male","18-24","East","1"
"L0612","5122","475","0.44","3","2","38628","48","1","1","1","48","non_binary","35-44","North","0"
"L0284","5306","798","0.29","10","0","71774","48","0","1","1","74","non_binary","25-34","West","1"
"L0389","12531","737","0.3","10","2","114447","12","0","1","1","74","non_binary","65+","South","1"
"L0845","2156","522","0.77","0","4","40127","120","0","1","1","42","male","18-24","East","0"
"L0307","6204","812","0.08","5","1","79697","36","0","1","1","94","male","18-24","North","1"
"L0927","6073","664","0.76","3","7","14455","48","0","0","0","44","male","35-44","East","0"
"L0617","3512","465","0.44","4","7","28333","120","1","1","1","28","female","55-64","West","0"
"L0235","11372","790","0.11","14","1","83043","24","0","1","1","81","male","65+","South","1"
"L0903","3789","515","0.56","0","7","35089","36","0","1","0","41","non_binary","55-64","South","0"
"L0968","2940","632","0.62","0","2","30137","60","0","1","0","51","male","45-54","East","0"
"L0512","13652","733","0.22","3","0","45030","12","0","1","1","79","female","25-34","North","1"
"L0834","4341","603","0.49","0","4","33663","36","0","1","0","64","female","55-64","North","0"
"L0771","3856","469","0.65","2","2","28221","36","1","1","0","62","female","35-44","West","0"
"L0882","3855","663","0.62","4","7","30814","120","0","1","1","64","female","35-44","West","0"
"L0081","7652","727","0.34","15","0","55360","36","1","1","1","70","male","18-24","North","1"
"L0900","4664","654","0.81","3","3","32377","84","1","1","1","64","non_binary","18-24","North","0"
"L0034","13629","827","0.33","7","0","82516","24","0","1","1","75","female","55-64","Central","1"
"L0950","3789","513","0.63","0","3","3376","120","1","0","0","56","female","25-34","North","0"
"L0043","5655","789","0.3","14","2","55589","12","0","1","1","78","non_binary","45-54","West","1"
"L0745","2696","462","0.44","1","5","8103","36","1","1","0","34","non_binary","55-64","South","0"
"L0347","7919","768","0.22","8","1","78010","60","0","1","1","94","male","45-54","Central","1"
"L0544","13706","772","0.11","8","2","112215","48","0","1","1","85","non_binary","65+","South","1"
"L0833","2039","481","0.54","4","5","22170","36","1","1","1","45","male","25-34","South","0"
"L0270","5533","826","0.27","15","1","110689","36","0","1","1","92","non_binary","55-64","Central","1"
"L0827","3382","602","0.71","2","7","32103","36","0","1","1","40","non_binary","25-34","South","0"
"L0337","6240","746","0.27","8","2","110302","60","0","1","1","88","female","35-44","North","1"
"L0588","11031","764","0.23","15","2","90933","24","0","1","1","83","female","18-24","South","1"
"L0896","3932","459","0.74","1","2","4116","36","0","1","1","66","female","35-44","East","0"
"L0036","8118","783","0.34","6","0","29027","24","0","1","1","81","male","35-44","East","1"
"L0695","2872","450","0.58","4","7","1906","48","1","1","0","53","female","25-34","East","0"
"L0930","3963","508","0.45","2","7","17896","120","1","1","0","52","female","18-24","South","0"
"L0626","7231","446","0.79","3","6","12464","84","1","1","0","28","non_binary","45-54","West","0"
"L0114","11544","783","0.18","9","0","77165","60","0","1","1","82","female","25-34","East","1"
"L0236","11018","831","0.21","10","0","107253","60","0","1","0","82","male","65+","Central","1"
"L0247","9611","753","0.31","8","0","44356","48","0","1","0","71","male","35-44","West","1"
"L0847","2435","434","0.75","2","5","38203","48","0","1","0","42","non_binary","55-64","North","0"
"L0134","11899","806","0.31","11","0","80691","48","1","1","1","79","non_binary","65+","South","1"
"L0221","7408","834","0.32","4","1","22621","36","0","1","1","89","male","45-54","East","1"
"L0202","5730","828","0.18","8","2","44007","36","0","1","1","75","male","55-64","North","1"
"L0713","4784","640","0.83","0","2","10008","84","1","1","0","29","male","18-24","East","0"
"L0096","6330","699","0.13","8","2","75511","12","0","1","0","85","female","35-44","Central","1"
"L0689","4700","561","0.52","3","4","27497","60","0","1","0","52","female","55-64","North","0"
"L0757","2957","458","0.79","1","5","21321","36","1","1","1","31","male","55-64","West","0"
"L0724","6999","510","0.66","0","5","25341","84","0","1","1","42","male","35-44","Central","0"
"L0414","7361","692","0.14","7","1","102167","48","0","1","1","78","male","35-44","West","1"
"L0291","6556","829","0.08","11","1","39960","24","0","1","1","90","non_binary","65+","South","1"
"L0578","9069","745","0.32","13","1","96482","36","0","1","1","77","female","25-34","South","1"
"L0928","6401","656","0.6","2","3","39530","120","1","1","0","63","male","65+","North","0"
"L0167","7670","725","0.31","12","1","77748","60","0","1","1","83","non_binary","55-64","Central","1"
"L0892","6867","603","0.49","4","3","891","120","1","1","0","49","male","18-24","Central","0"
"L0182","9931","806","0.12","8","0","53373","12","0","1","1","81","non_binary","65+","East","1"
"L0403","12769","817","0.16","12","1","61463","12","1","1","1","93","female","65+","Central","1"
"L0656","1936","492","0.52","3","5","25048","120","0","1","1","33","male","25-34","West","0"
"L0223","9929","725","0.22","13","1","75001","36","0","1","1","96","non_binary","25-34","South","1"
"L0897","5348","610","0.83","1","6","12397","60","1","1","0","59","male","55-64","Central","0"
"L0201","12311","826","0.15","5","1","39971","24","0","1","1","95","female","45-54","South","1"
"L0138","12323","801","0.11","8","1","68856","60","0","1","1","93","non_binary","65+","West","1"
"L0853","6700","519","0.53","2","7","1678","48","1","1","1","65","female","65+","North","0"
"L0140","13584","785","0.14","12","2","119888","48","0","1","1","87","non_binary","55-64","North","1"
"L0009","9384","698","0.19","9","1","119599","36","0","1","1","83","female","35-44","Central","1"
"L0258","8563","782","0.29","3","0","29863","24","0","1","1","95","male","55-64","South","1"
"L0788","6355","657","0.78","0","7","33029","120","0","1","1","67","non_binary","25-34","North","0"
"L0482","11604","801","0.34","5","1","108795","24","1","1","1","78","male","18-24","Central","1"
"L0341","5724","761","0.25","10","2","70503","12","0","1","0","70","non_binary","35-44","North","1"
"L0931","2941","642","0.84","1","4","30741","48","1","1","0","41","female","25-34","North","0"
"L1000","4423","587","0.53","1","5","12087","60","0","1","1","51","male","18-24","East","0"
"L0570","7005","829","0.19","8","0","81299","48","0","1","1","91","male","45-54","Central","1"
"L0164","14861","796","0.23","10","0","94233","12","0","1","1","72","female","65+","South","1"
"L0817","3948","592","0.52","0","3","7384","120","1","1","0","42","female","18-24","North","0"
"L0688","7592","594","0.57","3","7","436","48","1","1","0","29","non_binary","35-44","South","0"
"L0079","15468","700","0.25","14","1","27293","36","0","1","1","93","female","25-34","West","1"
"L0469","10223","817","0.31","6","1","50989","60","0","1","1","72","male","35-44","South","1"
"L0059","14954","707","0.13","11","0","58277","24","0","1","1","72","male","65+","East","1"
"L0670","5252","580","0.7","1","5","10289","84","1","1","1","65","female","18-24","West","0"
"L0192","13880","806","0.23","6","1","77148","12","0","1","1","71","female","65+","Central","1"
"L0094","10011","822","0.12","7","1","54927","12","0","1","1","85","male","55-64","West","1"
"L0468","8058","746","0.31","14","0","23330","60","0","1","1","91","female","35-44","South","1"
"L0452","12346","752","0.25","10","0","67129","12","0","1","1","79","non_binary","35-44","West","1"
"L0567","15461","830","0.23","7","2","114346","48","0","1","1","78","non_binary","35-44","West","1"
"L0142","10693","733","0.08","9","1","109239","12","0","1","1","87","non_binary","18-24","Central","1"
"L0162","5797","831","0.25","9","2","64658","24","0","1","1","76","non_binary","55-64","South","1"
"L0885","2002","492","0.8","1","2","1876","84","1","1","0","49","female","18-24","West","0"
"L0630","3725","500","0.56","3","2","12039","120","1","1","1","28","non_binary","45-54","North","0"
"L0837","5403","516","0.82","2","6","10404","60","0","1","1","47","non_binary","65+","West","0"
"L0496","15067","814","0.12","3","1","95691","36","0","1","0","75","non_binary","18-24","Central","1"
"L0387","6916","792","0.24","12","0","74152","24","0","1","1","86","female","25-34","East","1"
"L0669","4181","535","0.63","3","4","41153","48","0","1","1","45","non_binary","45-54","North","0"
"L0373","5592","731","0.21","12","0","119919","36","0","1","1","76","male","35-44","Central","1"
"L0007","9522","807","0.27","12","0","116214","24","0","1","1","90","male","25-34","West","1"
"L0402","7844","830","0.22","10","1","27622","36","1","1","1","79","non_binary","55-64","East","1"
"L0806","5575","467","0.49","1","4","2224","84","0","1","0","47","male","55-64","South","0"
"L0547","12837","711","0.21","10","0","31237","24","0","1","1","92","female","65+","North","1"
"L0841","4131","440","0.62","2","6","26753","120","1","1","0","42","non_binary","45-54","Central","0"
"L0682","2510","471","0.46","0","5","29296","60","0","1","1","56","non_binary","55-64","South","0"
"L0520","14738","805","0.11","3","1","99701","60","0","1","1","86","non_binary","25-34","East","1"
"L0230","6262","724","0.32","8","1","90451","60","0","1","1","85","non_binary","25-34","South","1"
"L0602","4998","568","0.51","1","3","3421","60","1","1","0","33","non_binary","65+","Central","0"
"L0169","10336","705","0.34","12","2","91228","60","0","1","1","81","female","25-34","West","1"
"L0635","2884","635","0.8","2","4","34924","60","1","1","0","33","non_binary","25-34","East","0"
"L0189","6536","744","0.2","13","1","99347","12","0","1","1","73","non_binary","25-34","West","1"
"L0242","11920","827","0.17","8","1","28692","60","0","1","1","81","female","45-54","Central","1"
"L0492","9113","744","0.16","12","1","46223","24","0","1","0","85","male","25-34","East","1"
"L0095","6061","820","0.25","11","0","59924","60","0","1","1","88","non_binary","45-54","North","1"
"L0490","8736","736","0.25","9","0","73448","36","0","1","1","82","male","18-24","East","1"
"L0111","8486","735","0.22","10","0","35970","36","0","1","1","89","male","18-24","South","1"
"L0390","6955","770","0.29","4","1","50383","48","0","1","1","70","non_binary","35-44","Central","1"
"L0859","1871","643","0.84","4","2","19740","36","1","1","1","51","non_binary","65+","North","0"
"L0601","2763","502","0.47","1","7","3772","120","1","1","0","57","non_binary","25-34","North","0"
"L0371","11015","792","0.27","8","1","103142","48","0","1","1","91","non_binary","45-54","East","1"
"L0902","6716","655","0.77","4","5","31408","60","0","1","0","32","non_binary","18-24","South","0"
"L0326","10830","759","0.09","3","1","111826","12","0","1","1","90","non_binary","55-64","North","1"
"L0596","5656","736","0.34","5","1","67794","48","0","1","1","96","non_binary","18-24","East","1"
"L0446","12621","724","0.24","11","1","74566","48","0","1","1","70","male","25-34","Central","1"
"L0476","14535","707","0.14","14","1","52751","24","1","1","1","95","male","65+","Central","1"
"L0088","9705","758","0.16","14","1","85118","12","0","1","1","86","non_binary","25-34","North","1"
"L0002","9466","729","0.16","15","1","53142","12","0","1","0","85","male","35-44","South","1"
"L0890","4695","503","0.64","1","4","1093","120","1","1","0","57","female","65+","South","0"
"L0115","15150","764","0.24","12","0","41180","36","0","1","1","90","female","55-64","East","1"
"L0006","6997","789","0.19","3","2","117405","48","0","1","1","80","female","65+","East","1"
"L0710","4770","640","0.78","3","2","76","120","0","1","0","62","non_binary","55-64","East","0"
"L0253","13770","715","0.22","6","1","30067","24","0","1","1","74","male","25-34","East","1"
"L0786","4136","605","0.48","4","3","17837","60","1","0","0","38","male","65+","North","0"
"L0044","9597","797","0.22","12","2","92249","12","0","1","1","80","male","25-34","East","1"
"L0675","5636","449","0.72","3","7","32812","84","0","1","0","56","non_binary","35-44","South","0"
"L0891","4164","550","0.53","1","6","13165","120","1","1","0","55","male","55-64","East","0"
"L0700","2497","473","0.52","4","3","21212","36","1","0","1","60","female","35-44","North","0"
"L0674","6273","591","0.54","0","4","7660","120","1","1","0","28","male","45-54","West","0"
"L0478","8272","710","0.33","13","1","29668","36","0","1","1","77","female","18-24","East","1"
"L0644","5439","661","0.68","3","6","14002","48","0","1","0","43","female","18-24","West","0"
"L0206","8522","708","0.22","13","2","63818","60","0","1","1","81","male","65+","North","1"
"L0940","6427","592","0.56","4","6","6954","36","1","1","0","49","non_binary","55-64","North","0"
"L0178","10192","762","0.16","12","0","112928","60","0","1","1","88","male","35-44","Central","1"
"L0281","14228","699","0.26","6","2","103228","60","0","1","1","84","female","45-54","East","1"
"L0477","9935","731","0.12","13","2","86527","36","0","1","1","89","male","25-34","West","1"
"L0642","5159","615","0.68","2","4","5224","84","0","1","0","34","male","55-64","West","0"
"L0459","9752","743","0.16","4","0","109695","24","0","1","1","78","female","45-54","West","1"
"L0011","10792","797","0.12","10","2","82254","48","0","1","1","84","non_binary","25-34","West","1"
"L0744","4583","559","0.62","1","2","3585","60","1","1","0","40","male","45-54","East","0"
"L0515","6413","756","0.13","13","0","82191","12","0","1","1","73","male","18-24","South","1"
"L0533","6707","724","0.3","7","1","82926","12","0","1","1","71","non_binary","65+","West","1"
"L0275","13796","696","0.27","13","1","99048","60","0","1","1","80","female","35-44","North","1"
"L0818","5511","630","0.5","1","2","27692","120","0","1","0","63","female","45-54","East","0"
"L0922","4734","563","0.76","4","6","24237","36","1","1","1","64","female","45-54","West","0"
"L0383","12494","730","0.11","12","1","36174","24","0","1","1","82","female","45-54","South","1"
"L0139","9065","755","0.15","6","0","107264","12","0","1","1","75","female","55-64","South","1"
"L0042","7931","714","0.28","4","2","36204","48","0","1","1","96","female","65+","North","1"
"L0698","3157","459","0.87","1","6","16957","36","1","1","1","61","male","18-24","West","0"
"L0466","10581","750","0.21","14","0","65850","12","0","1","1","70","male","65+","West","1"
"L0868","4727","492","0.58","4","6","33820","48","0","1","0","36","female","35-44","Central","0"
"L0133","13163","779","0.15","4","0","73198","36","0","1","1","90","male","65+","North","1"
"L0368","12069","792","0.25","4","0","92573","12","0","1","0","70","female","55-64","East","1"
"L0272","7656","772","0.3","11","1","103552","48","0","1","1","84","male","65+","Central","1"
"L0988","6490","604","0.61","1","5","14294","36","0","1","0","28","male","25-34","West","0"
"L0661","5008","465","0.54","3","5","15544","120","1","1","1","54","male","25-34","West","0"
"L0379","12247","760","0.31","6","2","88566","48","0","1","1","94","male","45-54","North","1"
"L0780","6242","588","0.76","2","7","23397","120","1","0","1","55","male","25-34","East","0"
"L0906","4367","538","0.8","2","7","27831","120","0","1","1","64","female","65+","North","0"
"L0135","10324","814","0.29","14","0","96848","24","0","1","0","75","male","65+","North","1"
"L0372","8876","786","0.19","14","1","91682","48","0","1","1","96","female","35-44","East","1"
"L0047","8443","733","0.15","11","1","37320","36","0","1","1","81","female","45-54","North","1"
"L0155","10870","821","0.26","6","1","105128","60","0","1","1","81","female","55-64","North","1"
"L0276","12927","829","0.08","4","1","69906","24","0","1","1","93","non_binary","45-54","North","1"
"L0976","4937","491","0.46","1","4","32226","60","1","1","0","54","non_binary","35-44","Central","0"
"L0289","9352","822","0.21","6","1","109013","36","0","1","1","83","non_binary","35-44","East","1"
"L0329","10227","772","0.2","6","2","111094","48","0","1","1","78","non_binary","55-64","North","1"
"L0805","7122","484","0.55","4","2","11593","36","1","1","1","31","female","18-24","North","0"
"L0649","6002","648","0.6","4","3","41786","36","1","1","1","40","female","45-54","Central","0"
"L0366","15199","819","0.17","7","1","68681","48","0","1","1","82","female","45-54","West","1"
"L0762","7266","609","0.62","0","4","351","60","0","1","0","56","male","55-64","East","0"
"L0149","11207","716","0.21","7","2","98271","24","0","1","1","72","female","18-24","Central","1"
"L0598","10047","789","0.33","4","1","84829","12","0","1","1","88","non_binary","45-54","Central","1"
"L0634","3509","574","0.68","1","7","8638","84","1","1","0","44","male","35-44","Central","0"
"L0239","7642","813","0.15","4","2","77443","48","0","1","1","86","female","18-24","Central","1"
"L0103","12272","835","0.24","15","0","52634","36","0","1","1","82","non_binary","65+","South","1"
"L0342","5865","748","0.28","15","1","85380","48","0","1","1","86","non_binary","65+","East","1"
"L0645","4140","508","0.84","0","3","4568","36","0","1","0","51","female","55-64","Central","0"
"L0790","6912","436","0.68","4","5","813","60","1","1","0","45","female","35-44","Central","0"
"L0393","8655","779","0.32","12","1","119973","36","0","1","0","76","female","25-34","South","1"
"L0020","6373","751","0.35","11","1","119509","24","0","1","1","82","male","35-44","South","1"
"L0524","13616","825","0.11","11","1","50279","60","0","1","1","79","female","65+","Central","1"
"L0760","3045","653","0.56","2","4","40536","36","1","1","1","34","female","25-34","North","0"
"L0844","5345","549","0.43","3","4","5621","120","1","1","1","40","male","35-44","Central","0"
"L0325","5717","818","0.26","8","2","33332","60","0","1","1","95","male","35-44","South","1"
"L0505","10781","765","0.29","7","2","62030","48","0","1","1","89","non_binary","65+","North","1"
"L0504","10717","724","0.31","8","0","78989","36","0","1","0","87","non_binary","25-34","West","1"
"L0618","4232","491","0.76","1","7","261","120","1","1","1","48","female","25-34","North","0"
"L0355","7916","793","0.16","14","0","45267","12","0","1","1","83","male","65+","North","1"
"L0435","10832","739","0.22","3","2","113401","48","0","1","1","74","non_binary","45-54","South","1"
"L0243","5414","835","0.15","8","1","82034","36","0","1","1","76","non_binary","65+","South","1"
"L0427","8561","714","0.33","11","2","72881","48","1","1","1","86","male","65+","North","1"
"L0849","3671","639","0.77","1","3","27270","120","1","1","0","40","female","45-54","South","0"
"L0742","2462","466","0.8","2","6","25810","36","1","1","0","40","male","65+","South","0"
"L0828","4312","445","0.7","0","7","35509","48","0","1","0","43","non_binary","65+","East","0"
"L0866","4759","430","0.48","4","2","8752","120","0","0","0","67","female","65+","East","0"
"L0499","13114","750","0.11","15","0","88731","12","0","1","1","73","male","65+","South","1"
"L0616","6892","492","0.44","4","5","40056","36","0","1","0","34","male","35-44","South","0"
"L0257","9175","761","0.23","4","1","110974","24","0","1","1","75","female","25-34","Central","1"
"L0311","14665","751","0.13","15","0","65426","60","0","1","1","92","female","45-54","West","1"
"L0385","10569","779","0.17","4","2","53050","24","0","1","1","88","non_binary","35-44","Central","1"
"L0454","14830","712","0.08","6","1","39274","36","0","1","1","94","male","55-64","West","1"
"L0785","1810","623","0.8","1","4","23739","120","0","1","1","35","female","65+","North","0"
"L0715","2968","453","0.55","1","6","29055","36","1","1","0","45","female","25-34","East","0"
"L0449","14291","721","0.35","10","0","49577","60","0","1","1","87","non_binary","65+","East","1"
"L0991","5644","641","0.53","4","2","29962","120","1","1","1","64","non_binary","45-54","West","0"
"L0568","6162","756","0.08","9","0","39539","24","0","1","1","92","male","45-54","North","1"
